created_at,id,full_text,in_reply_to_screen_name,metadata.iso_language_code,metadata.result_type,user.id,user.id_str,user.name,user.screen_name,user.location,user.description,user.url,user.entities.url.urls,user.entities.description.urls,user.protected,user.followers_count,user.friends_count,user.listed_count,user.created_at,user.favourites_count,user.utc_offset,user.time_zone,user.geo_enabled,user.verified,user.statuses_count,user.lang,user.contributors_enabled,user.is_translator,user.is_translation_enabled,user.profile_background_color,user.profile_background_image_url,user.profile_background_image_url_https,user.profile_background_tile,user.profile_image_url,user.profile_image_url_https,user.profile_banner_url,user.profile_link_color,user.profile_sidebar_border_color,user.profile_sidebar_fill_color,user.profile_text_color,user.profile_use_background_image,user.has_extended_profile,user.default_profile,user.default_profile_image,user.following,user.follow_request_sent,user.notifications,user.translator_type,user.withheld_in_countries
Mon May 15 18:21:47 +0000 2023,1658175862045302797,"KitchenAid Mixer Sale on @SamsClub | $90 Off Professional 5-Quart Plus Bowl-Lift Stand Mixer

https://t.co/Sdi5COBx7Q #sponsored",,en,recent,20445389,20445389,Hip2Save,Hip2Save,"Boise, Idaho","http://t.co/osSTNQ9DVi is a nationally recognized frugal living blog. Our mission is to inspire others to save w/ coupons, online bargains, and in-store deals.",https://t.co/IYPvzpIlxs,"[{'url': 'https://t.co/IYPvzpIlxs', 'expanded_url': 'https://hip2save.com', 'display_url': 'hip2save.com', 'indices': [0, 23]}]","[{'url': 'http://t.co/osSTNQ9DVi', 'expanded_url': 'http://Hip2Save.com', 'display_url': 'Hip2Save.com', 'indices': [0, 22]}]",False,31203,724,611,Mon Feb 09 16:19:49 +0000 2009,2222,,,False,False,251069,,False,False,False,ACDED6,http://abs.twimg.com/images/themes/theme18/bg.gif,https://abs.twimg.com/images/themes/theme18/bg.gif,False,http://pbs.twimg.com/profile_images/851676600647131136/1yS1_zjF_normal.jpg,https://pbs.twimg.com/profile_images/851676600647131136/1yS1_zjF_normal.jpg,https://pbs.twimg.com/profile_banners/20445389/1578573156,004961,FFFFFF,F6F6F6,333333,True,True,False,False,False,False,False,none,[]
Mon May 15 17:29:18 +0000 2023,1658162654479888397,@KellieShai_ All we need is some milk. üç™,KellieShai_,en,recent,86089860,86089860,Sam‚Äôs Club,SamsClub,"Bentonville, Arkansas","We are a membership wholesale club, offering superior products and services at outstanding values to our members. Tweet @SamsClub.",https://t.co/aQyh1Kcaax,"[{'url': 'https://t.co/aQyh1Kcaax', 'expanded_url': 'http://www.samsclub.com', 'display_url': 'samsclub.com', 'indices': [0, 23]}]",[],False,146015,6,947,Thu Oct 29 15:16:41 +0000 2009,1548,,,True,False,98204,,False,False,False,FFFFFF,http://abs.twimg.com/images/themes/theme1/bg.png,https://abs.twimg.com/images/themes/theme1/bg.png,False,http://pbs.twimg.com/profile_images/1459948503740948481/yZCJCYS9_normal.jpg,https://pbs.twimg.com/profile_images/1459948503740948481/yZCJCYS9_normal.jpg,https://pbs.twimg.com/profile_banners/86089860/1683663647,0084B4,FFFFFF,DDEEF6,333333,False,False,False,False,False,False,False,none,[]
Mon May 15 17:04:13 +0000 2023,1658156342199332864,"Happy National Chocolate Chip Day! No denying that these tiny morsels of goodness bring so much joy and happiness to our taste buds! Indulge today and savor every moment! 

@Samsclub #CelebrateEverydayByKellieShai #NationalChocolateChipDay #SamsClubChocolateChipCookiePlatters https://t.co/GQr4MBKnXl",,en,recent,1629261957860556800,1629261957860556800,Celebrate EveryDay by Kellie ShƒÅi,KellieShai_,"Chicago, IL ","CELEBRATE EVERYDAY BY KELLIE SHAI LLC is a Lifestyle brand featuring food, wine, travel, home, beauty, and wellness topics.",,,[],False,0,1,0,Fri Feb 24 23:28:36 +0000 2023,0,,,False,False,6,,False,False,False,F5F8FA,,,False,http://pbs.twimg.com/profile_images/1646602913991761920/TcNp6Cz9_normal.jpg,https://pbs.twimg.com/profile_images/1646602913991761920/TcNp6Cz9_normal.jpg,https://pbs.twimg.com/profile_banners/1629261957860556800/1677282268,1DA1F2,C0DEED,DDEEF6,333333,True,True,True,False,False,False,False,none,[]
Mon May 15 16:54:52 +0000 2023,1658153988703809536,This is heartbreaking that less than a year im reaching out to @SamsClub to ask what should I do and they pointing the finger at you guys. Can someone please help me!!! https://t.co/JvoESYj5cv,Roja1670,en,recent,1620973692812496896,1620973692812496896,La Sombra Negra,Roja1670,,,,,[],False,2,19,0,Thu Feb 02 02:33:50 +0000 2023,0,,,False,False,11,,False,False,False,F5F8FA,,,False,http://pbs.twimg.com/profile_images/1620973740031971328/cUuy-aOH_normal.png,https://pbs.twimg.com/profile_images/1620973740031971328/cUuy-aOH_normal.png,,1DA1F2,C0DEED,DDEEF6,333333,True,True,True,False,False,False,False,none,[]
Mon May 15 16:54:24 +0000 2023,1658153870575521793,"@VIZIOsupport I bought a vizio tv from @SamsClub in August last year, I've only maybe watched this TV a total of 8 hours and I know this because my wife always ask me why I bought this TV if I don't watch it. I turned it on to watch a YouTube video and the TV is actively dying t",VIZIOsupport,en,recent,1620973692812496896,1620973692812496896,La Sombra Negra,Roja1670,,,,,[],False,2,19,0,Thu Feb 02 02:33:50 +0000 2023,0,,,False,False,11,,False,False,False,F5F8FA,,,False,http://pbs.twimg.com/profile_images/1620973740031971328/cUuy-aOH_normal.png,https://pbs.twimg.com/profile_images/1620973740031971328/cUuy-aOH_normal.png,,1DA1F2,C0DEED,DDEEF6,333333,True,True,True,False,False,False,False,none,[]
Mon May 15 16:44:38 +0000 2023,1658151412134715394,RT @stupidatm: Duo win with @SamsClub_Sam immmm backkkkk https://t.co/e6wL93l8pP,,en,recent,750064094200238080,750064094200238080,Samoontha,SamsClub_Sam,"Republic of Gilead, HELP ME!!!","Opinions are my own
Tweets are not investment advice
¬Ω Canadian ¬Ω American 100% idiot
I like fortnite...alot  
Love @stupidatm ü§ô‚ù§Ô∏è",,,[],False,1018,1620,3,Mon Jul 04 20:29:50 +0000 2016,47425,,,False,False,22852,,False,False,False,000000,http://abs.twimg.com/images/themes/theme1/bg.png,https://abs.twimg.com/images/themes/theme1/bg.png,False,http://pbs.twimg.com/profile_images/1622095661314494465/1e_ENooq_normal.jpg,https://pbs.twimg.com/profile_images/1622095661314494465/1e_ENooq_normal.jpg,https://pbs.twimg.com/profile_banners/750064094200238080/1677170988,91D2FA,000000,000000,000000,False,False,False,False,False,False,False,none,[]
Mon May 15 16:08:48 +0000 2023,1658142393802031115,@CaineCiara We got the deals. üòâ,CaineCiara,en,recent,86089860,86089860,Sam‚Äôs Club,SamsClub,"Bentonville, Arkansas","We are a membership wholesale club, offering superior products and services at outstanding values to our members. Tweet @SamsClub.",https://t.co/aQyh1Kcaax,"[{'url': 'https://t.co/aQyh1Kcaax', 'expanded_url': 'http://www.samsclub.com', 'display_url': 'samsclub.com', 'indices': [0, 23]}]",[],False,146015,6,947,Thu Oct 29 15:16:41 +0000 2009,1548,,,True,False,98204,,False,False,False,FFFFFF,http://abs.twimg.com/images/themes/theme1/bg.png,https://abs.twimg.com/images/themes/theme1/bg.png,False,http://pbs.twimg.com/profile_images/1459948503740948481/yZCJCYS9_normal.jpg,https://pbs.twimg.com/profile_images/1459948503740948481/yZCJCYS9_normal.jpg,https://pbs.twimg.com/profile_banners/86089860/1683663647,0084B4,FFFFFF,DDEEF6,333333,False,False,False,False,False,False,False,none,[]
Mon May 15 15:04:49 +0000 2023,1658126293597134850,Duo win with @SamsClub_Sam immmm backkkkk https://t.co/e6wL93l8pP,,en,recent,1149108562981019648,1149108562981019648,STUPIDATM,stupidatm,,"Heya! Welcome to my bio! I'm Chris! Love video games & football! Chill vibes, geeking out & being stupid w/friends! Let's get stoopid together! ‚ù§Ô∏è@samsclub_sam",,,[],False,983,988,1,Thu Jul 11 00:10:05 +0000 2019,48862,,,True,False,36719,,False,False,False,F5F8FA,,,False,http://pbs.twimg.com/profile_images/1621779261060177921/RhV4vVG0_normal.jpg,https://pbs.twimg.com/profile_images/1621779261060177921/RhV4vVG0_normal.jpg,https://pbs.twimg.com/profile_banners/1149108562981019648/1672048928,1DA1F2,C0DEED,DDEEF6,333333,True,True,True,False,False,False,False,none,[]
Mon May 15 14:56:52 +0000 2023,1658124293602000900,@Michael61257752 @KevinHart4real @SamsClub @Chase @DraftKings @fabletics_men @OldSpice @myharthouse @AudemarsPiguet @c4energy @SIRIUSXM @netflix @peacock Yes is true,Michael61257752,en,recent,1658110194096783360,1658110194096783360,Florence Johnson,florencej925,USA üá∫üá∏ ,I man Florence 32 years old ...single and ready to mingle ü•∞üòÜüòÜüòÜ,,,[],False,1,9,0,Mon May 15 14:01:37 +0000 2023,36,,,False,False,1,,False,False,False,F5F8FA,,,False,http://pbs.twimg.com/profile_images/1658123745658126336/rfvC4u2H_normal.jpg,https://pbs.twimg.com/profile_images/1658123745658126336/rfvC4u2H_normal.jpg,https://pbs.twimg.com/profile_banners/1658110194096783360/1684162487,1DA1F2,C0DEED,DDEEF6,333333,True,True,True,False,False,False,False,none,[]
Mon May 15 14:23:49 +0000 2023,1658115975869345796,"@SamsClub @Walmart 
Images of @SamsClubMexico in the city of #Culiacan they don‚Äôt look üëÄ any good. Very bad image of branding. https://t.co/Nm09a2F4IV",SamsClub,en,recent,1493646391,1493646391,Mariano Gomez,mgomeza2,,"Empresario del sector de Alimentos, Consejero orgulloso Coparmex. Ex candidato a Gobernador por el Estado de Sinaloa.",,,[],False,667,475,7,Sat Jun 08 18:41:56 +0000 2013,1934,,,True,False,2791,,False,False,False,C0DEED,http://abs.twimg.com/images/themes/theme1/bg.png,https://abs.twimg.com/images/themes/theme1/bg.png,False,http://pbs.twimg.com/profile_images/378800000510084366/13b93d038bbff9f1b31b562ca9633709_normal.jpeg,https://pbs.twimg.com/profile_images/378800000510084366/13b93d038bbff9f1b31b562ca9633709_normal.jpeg,,1DA1F2,C0DEED,DDEEF6,333333,True,True,True,False,False,False,False,none,[]
Mon May 15 14:02:40 +0000 2023,1658110653641506824,"Show your style with ArtSkills Ultimate Jewelry Making Kit! Enjoy endless hours of fun creating unique jewelry pieces using a variety of beads and cute charms. Available now on https://t.co/Bx9HbPzZme.

Link purchase: https://t.co/ntJP7TFulw

#FunWithArtSkills #SamsClub https://t.co/Z2rt7jKmlG",,en,recent,51212088,51212088,ArtSkills,ArtSkills,"Bethlehem, PA","Bridging the gap between #art and #fun for everyone since 1987!üòé
Share your creations with us using #FunWithArtSkills #ArtSkills",https://t.co/6L0w0rVkIP,"[{'url': 'https://t.co/6L0w0rVkIP', 'expanded_url': 'https://lnk.bio/shlp', 'display_url': 'lnk.bio/shlp', 'indices': [0, 23]}]",[],False,1619,1850,30,Fri Jun 26 20:29:01 +0000 2009,650,,,False,False,2775,,False,False,False,2E8EC2,http://abs.twimg.com/images/themes/theme15/bg.png,https://abs.twimg.com/images/themes/theme15/bg.png,True,http://pbs.twimg.com/profile_images/578295555211677696/tiFgFHbp_normal.jpeg,https://pbs.twimg.com/profile_images/578295555211677696/tiFgFHbp_normal.jpeg,https://pbs.twimg.com/profile_banners/51212088/1638987797,0084B4,FFFFFF,C0DFEC,333333,True,False,False,False,False,False,False,none,[]
Mon May 15 13:34:24 +0000 2023,1658103539766534144,RT @stupidatm: First game on win with @SamsClub_Sam she had 6 kills and I had 9 killsüòè https://t.co/Dqrixmdjna,,en,recent,750064094200238080,750064094200238080,Samoontha,SamsClub_Sam,"Republic of Gilead, HELP ME!!!","Opinions are my own
Tweets are not investment advice
¬Ω Canadian ¬Ω American 100% idiot
I like fortnite...alot  
Love @stupidatm ü§ô‚ù§Ô∏è",,,[],False,1018,1620,3,Mon Jul 04 20:29:50 +0000 2016,47425,,,False,False,22852,,False,False,False,000000,http://abs.twimg.com/images/themes/theme1/bg.png,https://abs.twimg.com/images/themes/theme1/bg.png,False,http://pbs.twimg.com/profile_images/1622095661314494465/1e_ENooq_normal.jpg,https://pbs.twimg.com/profile_images/1622095661314494465/1e_ENooq_normal.jpg,https://pbs.twimg.com/profile_banners/750064094200238080/1677170988,91D2FA,000000,000000,000000,False,False,False,False,False,False,False,none,[]
Mon May 15 13:16:40 +0000 2023,1658099076045365248,First game on win with @SamsClub_Sam she had 6 kills and I had 9 killsüòè https://t.co/Dqrixmdjna,,en,recent,1149108562981019648,1149108562981019648,STUPIDATM,stupidatm,,"Heya! Welcome to my bio! I'm Chris! Love video games & football! Chill vibes, geeking out & being stupid w/friends! Let's get stoopid together! ‚ù§Ô∏è@samsclub_sam",,,[],False,983,988,1,Thu Jul 11 00:10:05 +0000 2019,48862,,,True,False,36719,,False,False,False,F5F8FA,,,False,http://pbs.twimg.com/profile_images/1621779261060177921/RhV4vVG0_normal.jpg,https://pbs.twimg.com/profile_images/1621779261060177921/RhV4vVG0_normal.jpg,https://pbs.twimg.com/profile_banners/1149108562981019648/1672048928,1DA1F2,C0DEED,DDEEF6,333333,True,True,True,False,False,False,False,none,[]
Mon May 15 12:35:21 +0000 2023,1658088677522788356,Rakuten has this amazing deal right now. You can get Up to 8% Cash Back at Sam's Club when you shop with Rakuten today. Use my invite link to join and get a $30 bonus when you spend $30 at any store.* You can thank me later! https://t.co/AJiXTRIYau,,en,recent,163503598,163503598,T. J.C.,Poochnhouse, Tn.,I'M here to bore you with my daily adventures. I have Alpha-1 (google it). Follow me I follow back. American Conservative NO DM'S.,,,[],False,2363,2276,0,Tue Jul 06 15:50:28 +0000 2010,4558,,,False,False,3995,,False,False,False,C0DEED,http://abs.twimg.com/images/themes/theme1/bg.png,https://abs.twimg.com/images/themes/theme1/bg.png,False,http://pbs.twimg.com/profile_images/1516296961116323841/5BJC4x8N_normal.jpg,https://pbs.twimg.com/profile_images/1516296961116323841/5BJC4x8N_normal.jpg,https://pbs.twimg.com/profile_banners/163503598/1651032786,0084B4,C0DEED,DDEEF6,333333,True,True,False,False,False,False,False,none,[]
Mon May 15 12:35:21 +0000 2023,1658088676839104512,"@SamsClub is truly insufferable sometimes, my god. 

*tries to buy item, but needs to use phone to pay for it to get the sale price

*tries to shop at 8:30am before doctor‚Äôs appt, needs to be ‚Äúplus member‚Äù to shop before 10:00am",SamsClub,en,recent,473441300,473441300,Sentimental_Racoon,Mackenziedumas,,Amelia Bedelia but with a fraction of the charm,,,[],False,435,437,3,Wed Jan 25 00:06:58 +0000 2012,7832,,,True,False,8778,,False,False,False,C0DEED,http://abs.twimg.com/images/themes/theme1/bg.png,https://abs.twimg.com/images/themes/theme1/bg.png,False,http://pbs.twimg.com/profile_images/1568778573489520640/xkBrqVZi_normal.jpg,https://pbs.twimg.com/profile_images/1568778573489520640/xkBrqVZi_normal.jpg,https://pbs.twimg.com/profile_banners/473441300/1632677852,1DA1F2,C0DEED,DDEEF6,333333,True,True,True,False,False,False,False,none,[]
Mon May 15 11:39:40 +0000 2023,1658074665691283457,@knightszos @NoChill_Austin @its_menieb @DailyLoud A plane with a tank of fuel is a literal bomb that cause ignite a massive wild fire in California....he crashed it in a California forest which could have destroyed massive amounts of wildlife and personal property,knightszos,en,recent,750064094200238080,750064094200238080,Samoontha,SamsClub_Sam,"Republic of Gilead, HELP ME!!!","Opinions are my own
Tweets are not investment advice
¬Ω Canadian ¬Ω American 100% idiot
I like fortnite...alot  
Love @stupidatm ü§ô‚ù§Ô∏è",,,[],False,1018,1620,3,Mon Jul 04 20:29:50 +0000 2016,47425,,,False,False,22852,,False,False,False,000000,http://abs.twimg.com/images/themes/theme1/bg.png,https://abs.twimg.com/images/themes/theme1/bg.png,False,http://pbs.twimg.com/profile_images/1622095661314494465/1e_ENooq_normal.jpg,https://pbs.twimg.com/profile_images/1622095661314494465/1e_ENooq_normal.jpg,https://pbs.twimg.com/profile_banners/750064094200238080/1677170988,91D2FA,000000,000000,000000,False,False,False,False,False,False,False,none,[]
Mon May 15 11:07:00 +0000 2023,1658066443747971072,"Sam's Club tests hamburger robot
#retail #walmart #samsclub #ai #tech #robot
https://t.co/Go07GbMH1Y",,en,recent,19728792,19728792,8th and Walton,8thandWalton,"Bentonville, Arkansas","A Bentonville, Arkansas based supplier education company focused solely on supporting Wal-Mart suppliers",http://t.co/5K7i71Hstd,"[{'url': 'http://t.co/5K7i71Hstd', 'expanded_url': 'http://www.8thandwalton.com', 'display_url': '8thandwalton.com', 'indices': [0, 22]}]",[],False,2445,2170,55,Thu Jan 29 19:33:47 +0000 2009,24,,,True,False,12880,,False,False,False,C0DEED,http://abs.twimg.com/images/themes/theme1/bg.png,https://abs.twimg.com/images/themes/theme1/bg.png,False,http://pbs.twimg.com/profile_images/1299032303260360704/fkHJq6US_normal.jpg,https://pbs.twimg.com/profile_images/1299032303260360704/fkHJq6US_normal.jpg,https://pbs.twimg.com/profile_banners/19728792/1462892120,0084B4,FFFFFF,ECF4F8,333333,False,False,False,False,False,False,False,none,[]
Mon May 15 10:07:37 +0000 2023,1658051501879619584,"@shannonsharpeee @SamsClub But my oldest said, "" You lucky little man, my dads wife,  my momma was a devout Caddy ( Catholic ), and she lived for forgiveness,"" so you get a pass.. but she took his gun..

But had this been today...Boyee, he'd be in the Afterlife! ü§£ü§£ü§£",Tartarus_63,en,recent,1611655006381379584,1611655006381379584,B.M.C.S. _ Ret...üá®üá±üá¶üá∏üáºüá∏üá©üá¥,Tartarus_63,"Richmond, TX","@usc‚úå @tamu dad-10x /
It is better to be hated & respected, then to be loved & hated on - Suffer Silently, Silently Suffer - 1 shot, 1 killü´°üî±üá®üá±üáºüá∏üá¶üá∏üá∫üá∏",,,[],False,23,182,0,Sat Jan 07 09:25:02 +0000 2023,1117,,,False,False,2205,,False,False,False,F5F8FA,,,False,http://pbs.twimg.com/profile_images/1657879811686117377/AEvCQve5_normal.jpg,https://pbs.twimg.com/profile_images/1657879811686117377/AEvCQve5_normal.jpg,https://pbs.twimg.com/profile_banners/1611655006381379584/1683929328,1DA1F2,C0DEED,DDEEF6,333333,True,True,True,False,False,False,False,none,[]
Mon May 15 10:04:36 +0000 2023,1658050743276847105,"@shannonsharpeee @SamsClub He thought he'd hit Jackpot except Me , all 3 girls who are @TxDPS @FBCSO and @JCSO_Texas ( She drove in for Aso le o Tina / mama's day ( She died last year breast cancer üéÄ  July 9th, ) so we somber in nature, well all of us strapped ü§£ü§£ü§£ we drew down on him they ID they self.",Tartarus_63,en,recent,1611655006381379584,1611655006381379584,B.M.C.S. _ Ret...üá®üá±üá¶üá∏üáºüá∏üá©üá¥,Tartarus_63,"Richmond, TX","@usc‚úå @tamu dad-10x /
It is better to be hated & respected, then to be loved & hated on - Suffer Silently, Silently Suffer - 1 shot, 1 killü´°üî±üá®üá±üáºüá∏üá¶üá∏üá∫üá∏",,,[],False,23,182,0,Sat Jan 07 09:25:02 +0000 2023,1117,,,False,False,2205,,False,False,False,F5F8FA,,,False,http://pbs.twimg.com/profile_images/1657879811686117377/AEvCQve5_normal.jpg,https://pbs.twimg.com/profile_images/1657879811686117377/AEvCQve5_normal.jpg,https://pbs.twimg.com/profile_banners/1611655006381379584/1683929328,1DA1F2,C0DEED,DDEEF6,333333,True,True,True,False,False,False,False,none,[]
Mon May 15 10:03:23 +0000 2023,1658050433510940672,"RT @CardPurchaser: Sams Club still has Fanatics gift cards at $79.98 per $100 worth.

https://t.co/aTQ5RhjTDc",,en,recent,589931785,589931785,Coffee Card Guy,collec_sport,,"NY Giants,Eli Manning,Charles Way, Kerry Collins,Celebrity Autos/Relics, 95-99 inserts all sports and players! RODNEY HAMPTON SUPER COLLECTOR!",https://t.co/ylnqwrYt5s,"[{'url': 'https://t.co/ylnqwrYt5s', 'expanded_url': 'http://cardstotalkabout.blogspot.com', 'display_url': 'cardstotalkabout.blogspot.com', 'indices': [0, 23]}]",[],False,12617,3454,157,Fri May 25 11:55:23 +0000 2012,76605,,,False,False,212318,,False,False,False,000000,http://abs.twimg.com/images/themes/theme1/bg.png,https://abs.twimg.com/images/themes/theme1/bg.png,False,http://pbs.twimg.com/profile_images/1657497198295130112/bclQcWWq_normal.jpg,https://pbs.twimg.com/profile_images/1657497198295130112/bclQcWWq_normal.jpg,https://pbs.twimg.com/profile_banners/589931785/1684013227,3B94D9,000000,000000,000000,False,True,False,False,False,False,False,none,[]
Mon May 15 09:58:27 +0000 2023,1658049193192173569,"@shannonsharpeee That's Kwame..broke it down..and it's always these under 5ft rappers putting out ""Shoot this, that"" man put that üî´ down put them hands up between yall... better yet get a book read. 

I had a youngster yesterday pull up on me, and 3 of my oldest girls...we at @SamsClub - I - 10",shannonsharpeee,en,recent,1611655006381379584,1611655006381379584,B.M.C.S. _ Ret...üá®üá±üá¶üá∏üáºüá∏üá©üá¥,Tartarus_63,"Richmond, TX","@usc‚úå @tamu dad-10x /
It is better to be hated & respected, then to be loved & hated on - Suffer Silently, Silently Suffer - 1 shot, 1 killü´°üî±üá®üá±üáºüá∏üá¶üá∏üá∫üá∏",,,[],False,23,182,0,Sat Jan 07 09:25:02 +0000 2023,1117,,,False,False,2205,,False,False,False,F5F8FA,,,False,http://pbs.twimg.com/profile_images/1657879811686117377/AEvCQve5_normal.jpg,https://pbs.twimg.com/profile_images/1657879811686117377/AEvCQve5_normal.jpg,https://pbs.twimg.com/profile_banners/1611655006381379584/1683929328,1DA1F2,C0DEED,DDEEF6,333333,True,True,True,False,False,False,False,none,[]
Mon May 15 07:11:58 +0000 2023,1658007295509528578,idk what to play after i finish majora‚Äôs mask,samsclub_13,en,recent,1351442890409426948,1351442890409426948,samuel,samsclub_13,he/him,fnaf fan account,,,[],False,66,188,1,Tue Jan 19 08:14:37 +0000 2021,79419,,,True,False,7210,,False,False,False,F5F8FA,,,False,http://pbs.twimg.com/profile_images/1606180966556278784/OfoT4zZL_normal.jpg,https://pbs.twimg.com/profile_images/1606180966556278784/OfoT4zZL_normal.jpg,https://pbs.twimg.com/profile_banners/1351442890409426948/1643762871,1DA1F2,C0DEED,DDEEF6,333333,True,True,True,False,False,False,False,none,[]
Mon May 15 07:11:42 +0000 2023,1658007228157403138,so many games so little time,,en,recent,1351442890409426948,1351442890409426948,samuel,samsclub_13,he/him,fnaf fan account,,,[],False,66,188,1,Tue Jan 19 08:14:37 +0000 2021,79419,,,True,False,7210,,False,False,False,F5F8FA,,,False,http://pbs.twimg.com/profile_images/1606180966556278784/OfoT4zZL_normal.jpg,https://pbs.twimg.com/profile_images/1606180966556278784/OfoT4zZL_normal.jpg,https://pbs.twimg.com/profile_banners/1351442890409426948/1643762871,1DA1F2,C0DEED,DDEEF6,333333,True,True,True,False,False,False,False,none,[]
Mon May 15 03:29:40 +0000 2023,1657951351693885440,"Sams Club still has Fanatics gift cards at $79.98 per $100 worth.

https://t.co/aTQ5RhjTDc",,en,recent,1246147915715837952,1246147915715837952,Card Purchaser,CardPurchaser,USA,"Sports card collector w/ card talk, hobby news, release info, hobby help, restocks. RT & Likes not endorsements. https://t.co/YC9KvKAC7H Scroll my feed daily.",https://t.co/oww0I0KCwI,"[{'url': 'https://t.co/oww0I0KCwI', 'expanded_url': 'https://whop.com/cardpurchaser-discord/', 'display_url': 'whop.com/cardpurchaser-‚Ä¶', 'indices': [0, 23]}]","[{'url': 'https://t.co/YC9KvKAC7H', 'expanded_url': 'http://discord.gg/cardpurchaser', 'display_url': 'discord.gg/cardpurchaser', 'indices': [113, 136]}]",False,71886,15981,325,Fri Apr 03 18:49:58 +0000 2020,1736980,,,True,False,300652,,False,False,False,F5F8FA,,,False,http://pbs.twimg.com/profile_images/1404241588369465349/EVHSEIH4_normal.jpg,https://pbs.twimg.com/profile_images/1404241588369465349/EVHSEIH4_normal.jpg,https://pbs.twimg.com/profile_banners/1246147915715837952/1657949502,1DA1F2,C0DEED,DDEEF6,333333,True,True,True,False,False,False,False,none,[]
Mon May 15 03:18:46 +0000 2023,1657948611567820801,My Ex BFF swore they sold it in bulk at @SamsClub üòÖüòÇü§£‚ÅâÔ∏è‚ÄºÔ∏è‚ÅâÔ∏è‚ÄºÔ∏è https://t.co/Aeda1obvCR,,en,recent,31468416,31468416,TRACY LEIGH POWERS üë∏üèºüôèüèªü¶Ñüíñ,TRACYSGOTPOWERS,"GV,Henderson,NV,USA",GOD 1st.Lost my Fianc√© 7/12/2020 to a heart attack. Starting over at 50; join me on my journey‚ÄºÔ∏è,https://t.co/yxcnv89shS,"[{'url': 'https://t.co/yxcnv89shS', 'expanded_url': 'https://www.youtube.com/channel/UC3Wx0Sl7ovDq_fIFQk4ksmg', 'display_url': 'youtube.com/channel/UC3Wx0‚Ä¶', 'indices': [0, 23]}]",[],False,1124,561,97,Wed Apr 15 17:56:00 +0000 2009,12171,,,True,False,59879,,False,False,False,3E2D47,http://abs.twimg.com/images/themes/theme1/bg.png,https://abs.twimg.com/images/themes/theme1/bg.png,True,http://pbs.twimg.com/profile_images/1485447781191876611/jiFrmyqn_normal.jpg,https://pbs.twimg.com/profile_images/1485447781191876611/jiFrmyqn_normal.jpg,https://pbs.twimg.com/profile_banners/31468416/1642993325,EB49B8,000000,6A1F93,F52EAF,True,True,False,False,False,False,False,none,[]
Mon May 15 03:16:23 +0000 2023,1657948011492970501,@colourmesadder My Ex BFF swore they sold it in bulk at @SamsClub üòÖüòÇü§£‚ÅâÔ∏è‚ÄºÔ∏è‚ÅâÔ∏è‚ÄºÔ∏è,colourmesadder,en,recent,31468416,31468416,TRACY LEIGH POWERS üë∏üèºüôèüèªü¶Ñüíñ,TRACYSGOTPOWERS,"GV,Henderson,NV,USA",GOD 1st.Lost my Fianc√© 7/12/2020 to a heart attack. Starting over at 50; join me on my journey‚ÄºÔ∏è,https://t.co/yxcnv89shS,"[{'url': 'https://t.co/yxcnv89shS', 'expanded_url': 'https://www.youtube.com/channel/UC3Wx0Sl7ovDq_fIFQk4ksmg', 'display_url': 'youtube.com/channel/UC3Wx0‚Ä¶', 'indices': [0, 23]}]",[],False,1124,561,97,Wed Apr 15 17:56:00 +0000 2009,12171,,,True,False,59879,,False,False,False,3E2D47,http://abs.twimg.com/images/themes/theme1/bg.png,https://abs.twimg.com/images/themes/theme1/bg.png,True,http://pbs.twimg.com/profile_images/1485447781191876611/jiFrmyqn_normal.jpg,https://pbs.twimg.com/profile_images/1485447781191876611/jiFrmyqn_normal.jpg,https://pbs.twimg.com/profile_banners/31468416/1642993325,EB49B8,000000,6A1F93,F52EAF,True,True,False,False,False,False,False,none,[]
Mon May 15 02:47:42 +0000 2023,1657940793607311361,SAMS CLUB? this is by far the most strange reply I've ever gotten but I'll take it https://t.co/QkO3BRD1dU,,en,recent,1317184675618516996,1317184675618516996,wilde/sammy üêç,lackadaisaI,,they/he 20 - commissions open!! - im gonna eat ur dice,,,[],False,137,245,5,Fri Oct 16 19:24:46 +0000 2020,26359,,,False,False,4029,,False,False,False,F5F8FA,,,False,http://pbs.twimg.com/profile_images/1596310503797788672/UCzkXCvT_normal.jpg,https://pbs.twimg.com/profile_images/1596310503797788672/UCzkXCvT_normal.jpg,https://pbs.twimg.com/profile_banners/1317184675618516996/1669425733,1DA1F2,C0DEED,DDEEF6,333333,True,True,True,False,False,False,False,none,[]
Mon May 15 02:44:36 +0000 2023,1657940011038175232,@lackadaisaI Score! üôå,lackadaisaI,en,recent,86089860,86089860,Sam‚Äôs Club,SamsClub,"Bentonville, Arkansas","We are a membership wholesale club, offering superior products and services at outstanding values to our members. Tweet @SamsClub.",https://t.co/aQyh1Kcaax,"[{'url': 'https://t.co/aQyh1Kcaax', 'expanded_url': 'http://www.samsclub.com', 'display_url': 'samsclub.com', 'indices': [0, 23]}]",[],False,146015,6,947,Thu Oct 29 15:16:41 +0000 2009,1548,,,True,False,98204,,False,False,False,FFFFFF,http://abs.twimg.com/images/themes/theme1/bg.png,https://abs.twimg.com/images/themes/theme1/bg.png,False,http://pbs.twimg.com/profile_images/1459948503740948481/yZCJCYS9_normal.jpg,https://pbs.twimg.com/profile_images/1459948503740948481/yZCJCYS9_normal.jpg,https://pbs.twimg.com/profile_banners/86089860/1683663647,0084B4,FFFFFF,DDEEF6,333333,False,False,False,False,False,False,False,none,[]
Mon May 15 02:02:07 +0000 2023,1657929321615601664,"RT @djv85gaming: @stupidatm ‚ÄúI‚Äôm probably not gonna be good at @RealmRoyale‚Äù 

Also @stupidatm üëá https://t.co/E3lfPNSMWP",,en,recent,750064094200238080,750064094200238080,Samoontha,SamsClub_Sam,"Republic of Gilead, HELP ME!!!","Opinions are my own
Tweets are not investment advice
¬Ω Canadian ¬Ω American 100% idiot
I like fortnite...alot  
Love @stupidatm ü§ô‚ù§Ô∏è",,,[],False,1018,1620,3,Mon Jul 04 20:29:50 +0000 2016,47425,,,False,False,22852,,False,False,False,000000,http://abs.twimg.com/images/themes/theme1/bg.png,https://abs.twimg.com/images/themes/theme1/bg.png,False,http://pbs.twimg.com/profile_images/1622095661314494465/1e_ENooq_normal.jpg,https://pbs.twimg.com/profile_images/1622095661314494465/1e_ENooq_normal.jpg,https://pbs.twimg.com/profile_banners/750064094200238080/1677170988,91D2FA,000000,000000,000000,False,False,False,False,False,False,False,none,[]
Mon May 15 01:55:15 +0000 2023,1657927590399688705,"RT @bulkbuysplitter: Happy Mother's Day to all the incredible moms out there!

Your love and dedication are truly unmatched, and we are so‚Ä¶",,en,recent,23449262,23449262,Alan Patterson,Paatterson,"Washington, DC","Dad, Entrepreneur, Terp, ŒöŒëŒ® & Co-Founder - Master of my Fate Captain of my Soul - RTs aren't endorsements",https://t.co/NwLW91WbWt,"[{'url': 'https://t.co/NwLW91WbWt', 'expanded_url': 'http://www.bulkbuysplitter.com', 'display_url': 'bulkbuysplitter.com', 'indices': [0, 23]}]",[],False,471,1628,27,Mon Mar 09 15:41:40 +0000 2009,20488,,,True,False,3776,,False,False,False,1A1B1F,http://abs.twimg.com/images/themes/theme9/bg.gif,https://abs.twimg.com/images/themes/theme9/bg.gif,False,http://pbs.twimg.com/profile_images/1619435717117054977/dEk-JioC_normal.jpg,https://pbs.twimg.com/profile_images/1619435717117054977/dEk-JioC_normal.jpg,https://pbs.twimg.com/profile_banners/23449262/1679436487,2FC2EF,181A1E,252429,666666,True,False,False,False,False,False,False,none,[]
Mon May 15 01:07:56 +0000 2023,1657915684238532609,"Hey @SamsClub It would be helpful if you'd allow adding items to an already-placed pick-up order like some other stores do. A couple times I've placed a 2nd order but they only come out with one, and I feel bad about them going back.",,en,recent,949876501398376448,949876501398376448,Nichole,Nichole_BOOHfan,"Indiana, USA","#MedicareForAll #NeitherPartyCaresAboutUs ; Jim Steinman and Bat Out of Hell The Musical ü¶áü¶áü¶áüî•‚ù§Ô∏è, INFJ, cats üò∏üê±üò∫",,,[],False,2098,2878,6,Sun Jan 07 05:33:00 +0000 2018,178712,,,False,False,25661,,False,False,False,000000,http://abs.twimg.com/images/themes/theme1/bg.png,https://abs.twimg.com/images/themes/theme1/bg.png,False,http://pbs.twimg.com/profile_images/1172983382919340032/yGfr-L0S_normal.jpg,https://pbs.twimg.com/profile_images/1172983382919340032/yGfr-L0S_normal.jpg,https://pbs.twimg.com/profile_banners/949876501398376448/1515308419,F55649,000000,000000,000000,False,True,False,False,False,False,False,none,[]
Mon May 15 00:37:40 +0000 2023,1657908067009277952,@KevinHart4real @SamsClub @Chase @DraftKings @fabletics_men @OldSpice @myharthouse @AudemarsPiguet @c4energy @SIRIUSXM @netflix @peacock I like those beats for real,KevinHart4real,en,recent,1657366503157555201,1657366503157555201,Arthur Power,ArthurPower2023,,about a year ago I was gaining 440 lb  and now today 250 thank you Lord keep me strength,,,[],False,47,296,0,Sat May 13 12:46:22 +0000 2023,83,,,False,False,31,,False,False,False,F5F8FA,,,False,http://pbs.twimg.com/profile_images/1657369053059600389/09GYI7mC_normal.jpg,https://pbs.twimg.com/profile_images/1657369053059600389/09GYI7mC_normal.jpg,https://pbs.twimg.com/profile_banners/1657366503157555201/1684112645,1DA1F2,C0DEED,DDEEF6,333333,True,True,True,False,False,False,False,none,[]
Mon May 15 00:25:46 +0000 2023,1657905075124150273,RT @paulmescalfiles: Paul Mescal street style appreciation tweet. https://t.co/BIvRf7EMUu,,en,recent,1275975409939644417,1275975409939644417,sammy toretto,the_samsclub,"Amherst, MA",on the everlasting quest to date Dakota Johnson,https://t.co/XOaNzJvlub,"[{'url': 'https://t.co/XOaNzJvlub', 'expanded_url': 'https://letterboxd.com/Sam_An/', 'display_url': 'letterboxd.com/Sam_An/', 'indices': [0, 23]}]",[],False,56,476,0,Thu Jun 25 02:13:47 +0000 2020,30599,,,True,False,324,,False,False,False,F5F8FA,,,False,http://pbs.twimg.com/profile_images/1656877815310974976/HcWIK6dQ_normal.jpg,https://pbs.twimg.com/profile_images/1656877815310974976/HcWIK6dQ_normal.jpg,https://pbs.twimg.com/profile_banners/1275975409939644417/1654462203,1DA1F2,C0DEED,DDEEF6,333333,True,True,True,False,False,False,False,none,[]
Mon May 15 00:15:12 +0000 2023,1657902414400290818,Need new company @SEC_Enforcement @SEC_Investor_Ed @CNBC mini Tacos 36 to box under $5.00 @kroger @Target shelf them by meatballs corndogs @WhiteHouseHPI @WhiteHouseGPC @WhiteHouseCEA can't find copy right office yet. @NSAGov @SamsClub https://t.co/bKfgM7Trif,,en,recent,1655700408268992512,1655700408268992512,Amylynn Volluz,AmyVolluz518513,,,,,[],False,0,218,0,Mon May 08 22:25:50 +0000 2023,61,,,False,False,123,,False,False,False,F5F8FA,,,False,http://pbs.twimg.com/profile_images/1655906695518748672/AqgVBWJ5_normal.jpg,https://pbs.twimg.com/profile_images/1655906695518748672/AqgVBWJ5_normal.jpg,https://pbs.twimg.com/profile_banners/1655700408268992512/1683634634,1DA1F2,C0DEED,DDEEF6,333333,True,True,True,False,False,False,False,none,[]
Mon May 15 00:12:12 +0000 2023,1657901660625149954,"RT @FalconPassPTA: Thanks to the generous donations of our PTA, FPE families &amp; community partners, we celebrated our teachers &amp; staff with‚Ä¶",,en,recent,39191995,39191995,Jennifer Kiev,jaybk6145,"Pearland, TX",,,,[],False,31,72,1,Mon May 11 04:29:05 +0000 2009,84,,,True,False,2151,,False,False,False,642D8B,http://abs.twimg.com/images/themes/theme10/bg.gif,https://abs.twimg.com/images/themes/theme10/bg.gif,True,http://pbs.twimg.com/profile_images/1631549814/image_normal.jpg,https://pbs.twimg.com/profile_images/1631549814/image_normal.jpg,,FF0000,65B0DA,7AC3EE,3D1957,True,False,False,False,False,False,False,none,[]
Mon May 15 00:10:08 +0000 2023,1657901138673270786,@WillMoclair .@SamsClub needs to sponsor this post üòÇ,WillMoclair,en,recent,859192652910166017,859192652910166017,Anna Darling,AnnaDarlingTV,"Fayetteville, AR","FOX24 Evening Anchor/Reporter at @KNWAFOX24 ‚Ä¢ @IUBloomington Alum ‚ù§Ô∏è Indiana Hoosier ‚Ä¢ Proud cat & plant mom, cycling & sushi enthusiast ‚Ä¢ Views are my own",https://t.co/QKSaPPgZdv,"[{'url': 'https://t.co/QKSaPPgZdv', 'expanded_url': 'https://youtu.be/gbWCqNcbNhU', 'display_url': 'youtu.be/gbWCqNcbNhU', 'indices': [0, 23]}]",[],False,5868,868,26,Mon May 01 23:47:46 +0000 2017,4363,,,True,False,3790,,False,False,False,F5F8FA,,,False,http://pbs.twimg.com/profile_images/1400210297944694784/7VuRDUIO_normal.jpg,https://pbs.twimg.com/profile_images/1400210297944694784/7VuRDUIO_normal.jpg,https://pbs.twimg.com/profile_banners/859192652910166017/1653666777,1DA1F2,C0DEED,DDEEF6,333333,True,False,True,False,False,False,False,none,[]
Sun May 14 23:52:21 +0000 2023,1657896664193966080,"@SamsClub I am 6 months pregnant and was craving a brownie sundae. I was look forward to the sundae very much, but I almost swallowed this plastic pouch part that was in my sundae üò©üò≥ https://t.co/yeUUmOUPT6",SamsClub,en,recent,147606815,147606815,Jen Tweets,JsendsTweets,,,,,[],False,245,247,4,Mon May 24 15:35:46 +0000 2010,6,,,False,False,793,,False,False,False,C1999A,http://abs.twimg.com/images/themes/theme18/bg.gif,https://abs.twimg.com/images/themes/theme18/bg.gif,False,http://pbs.twimg.com/profile_images/1313574221268824065/2U4WiZ8X_normal.jpg,https://pbs.twimg.com/profile_images/1313574221268824065/2U4WiZ8X_normal.jpg,,6E5A42,7BAFAD,ABFDFB,3242F4,True,True,False,False,False,False,False,none,[]
Sun May 14 23:07:22 +0000 2023,1657885342530256896,@crayforddl @SamsClub They are terrible at rotating merchandise. Had store #8138 tell me last week they would not pull down new salad mix until the stuff that expired the next day was gone.  Who wants to by produce right before it expires.,crayforddl,en,recent,52599323,52599323,Yosarian,nilolan,nowhere,just a man,,,[],False,62,329,0,Wed Jul 01 02:05:03 +0000 2009,4246,,,False,False,2719,,False,False,False,131516,http://abs.twimg.com/images/themes/theme14/bg.gif,https://abs.twimg.com/images/themes/theme14/bg.gif,True,http://pbs.twimg.com/profile_images/463700870073286657/Bsq-3OoK_normal.png,https://pbs.twimg.com/profile_images/463700870073286657/Bsq-3OoK_normal.png,https://pbs.twimg.com/profile_banners/52599323/1403627501,009999,EEEEEE,EFEFEF,333333,True,True,False,False,False,False,False,none,[]
Sun May 14 22:36:10 +0000 2023,1657877493108572161,@SamsClub_Sam @stupidatm W finish!!,SamsClub_Sam,en,recent,1021452809915502593,1021452809915502593,Gamey McGameface,mcgameface,somewhere over a rainbow,"Just a dude who loves video games!
üìπ Editor/GFX Design/Musician üéµ
Member of @HijinxTeam  
https://t.co/tSaOS6Fw4r‚Ä¶
EpicCreator code: GAMEY-MCG",https://t.co/EOcMtSbu7r,"[{'url': 'https://t.co/EOcMtSbu7r', 'expanded_url': 'https://www.youtube.com/channel/UCJuD_ty6rf_HKv0pNOhi2WQ?disable_polymer=true', 'display_url': 'youtube.com/channel/UCJuD_‚Ä¶', 'indices': [0, 23]}]","[{'url': 'https://t.co/tSaOS6Fw4r', 'expanded_url': 'http://tiktok.com/@gameymcgamefa', 'display_url': 'tiktok.com/@gameymcgamefa', 'indices': [90, 113]}]",False,1707,452,2,Mon Jul 23 17:51:42 +0000 2018,52017,,,False,False,21873,,False,False,False,F5F8FA,,,False,http://pbs.twimg.com/profile_images/1649064481031602179/YopOp-xx_normal.jpg,https://pbs.twimg.com/profile_images/1649064481031602179/YopOp-xx_normal.jpg,https://pbs.twimg.com/profile_banners/1021452809915502593/1677946918,1DA1F2,C0DEED,DDEEF6,333333,True,True,True,False,False,False,False,none,[]
Sun May 14 22:15:21 +0000 2023,1657872253382524929,"Earn a $20.00 Sam's Club Egift card When You Sign up Using the Link in t...
https://t.co/NIWqOZokBk via @YouTube 

#SamsClub #Walmart #SamsClubMembership SamsClubDiscount #Shopping #Discount #ClubMembership",,en,recent,507865095,507865095,nerdom,hustlenomics916,"Space, CA","Entrepreneur x Affiliate Marketer

I tweet deals that may contain affiliate links. As an Amazon Associate, I earn from qualifying purchases.

Use the link below",https://t.co/ZG6Z8vDsmb,"[{'url': 'https://t.co/ZG6Z8vDsmb', 'expanded_url': 'https://amzn.to/3PWiEHB', 'display_url': 'amzn.to/3PWiEHB', 'indices': [0, 23]}]",[],False,476,299,29,Tue Feb 28 20:17:52 +0000 2012,361,,,True,False,110190,,False,False,False,C0DEED,http://abs.twimg.com/images/themes/theme1/bg.png,https://abs.twimg.com/images/themes/theme1/bg.png,False,http://pbs.twimg.com/profile_images/1141022401448173569/8vyFwDIG_normal.jpg,https://pbs.twimg.com/profile_images/1141022401448173569/8vyFwDIG_normal.jpg,https://pbs.twimg.com/profile_banners/507865095/1672025745,1DA1F2,C0DEED,DDEEF6,333333,True,True,True,False,False,False,False,none,[]
Sun May 14 22:03:41 +0000 2023,1657869315209560073,"@SamsClub Why won't Sam's Club install the tires I want on my car?

Exact size as original tires yet Sam's is saying I need tires rated to 149 mph instead of the ones I want and same type that have been on the car for years rated to 118 mph.

I can barely get the car to do 70!!",SamsClub,en,recent,4247299639,4247299639,Daniel Savage,TheLastSavage1,,I come in search of truth and some pointy boots and maybe a few snack crackers.,,,[],False,452,162,3,Sun Nov 15 16:13:53 +0000 2015,73043,,,True,False,24580,,False,False,False,C0DEED,http://abs.twimg.com/images/themes/theme1/bg.png,https://abs.twimg.com/images/themes/theme1/bg.png,False,http://pbs.twimg.com/profile_images/1579960956368592904/FDcFh2mL_normal.jpg,https://pbs.twimg.com/profile_images/1579960956368592904/FDcFh2mL_normal.jpg,,1DA1F2,C0DEED,DDEEF6,333333,True,False,True,False,False,False,False,none,[]
Sun May 14 20:30:15 +0000 2023,1657845803602309120,"@SamsClub south Saunders street, Raleigh needs a new management team asap.  Packed store and two lanes open with employees.  Store dirty and not well-signed to top it off.  Never seen it this bad.  Truly sad from how this store first started.",SamsClub,en,recent,57225037,57225037,Kevin,kjkiernan,,,,,[],False,4,19,0,Thu Jul 16 03:08:08 +0000 2009,19,,,False,False,22,,False,False,False,C0DEED,http://abs.twimg.com/images/themes/theme1/bg.png,https://abs.twimg.com/images/themes/theme1/bg.png,False,http://abs.twimg.com/sticky/default_profile_images/default_profile_normal.png,https://abs.twimg.com/sticky/default_profile_images/default_profile_normal.png,,1DA1F2,C0DEED,DDEEF6,333333,True,False,True,True,False,False,False,none,[]
Sun May 14 19:30:54 +0000 2023,1657830869669740547,"RT @bulkbuysplitter: Happy Mother's Day to all the incredible moms out there!

Your love and dedication are truly unmatched, and we are so‚Ä¶",,en,recent,1195763290040946689,1195763290040946689,Mrs A,busiayoo,In Christ,Jesus ‚Ä¢ Marketing ‚Ä¢ Storytelling | üíç @JustOluwafemi | Join my newsletter community üëá,https://t.co/zBjRnchsC7,"[{'url': 'https://t.co/zBjRnchsC7', 'expanded_url': 'https://tinyurl.com/bantswithbusiayo', 'display_url': 'tinyurl.com/bantswithbusia‚Ä¶', 'indices': [0, 23]}]",[],False,1216,722,3,Sat Nov 16 17:59:41 +0000 2019,16991,,,False,False,9166,,False,False,False,F5F8FA,,,False,http://pbs.twimg.com/profile_images/1650865729183309824/7HiwYDRT_normal.jpg,https://pbs.twimg.com/profile_images/1650865729183309824/7HiwYDRT_normal.jpg,https://pbs.twimg.com/profile_banners/1195763290040946689/1670752409,1DA1F2,C0DEED,DDEEF6,333333,True,True,True,False,False,False,False,none,[]
Sun May 14 19:21:03 +0000 2023,1657828388973821953,@DavinTim The real MVP! üíê,DavinTim,en,recent,86089860,86089860,Sam‚Äôs Club,SamsClub,"Bentonville, Arkansas","We are a membership wholesale club, offering superior products and services at outstanding values to our members. Tweet @SamsClub.",https://t.co/aQyh1Kcaax,"[{'url': 'https://t.co/aQyh1Kcaax', 'expanded_url': 'http://www.samsclub.com', 'display_url': 'samsclub.com', 'indices': [0, 23]}]",[],False,146015,6,947,Thu Oct 29 15:16:41 +0000 2009,1548,,,True,False,98204,,False,False,False,FFFFFF,http://abs.twimg.com/images/themes/theme1/bg.png,https://abs.twimg.com/images/themes/theme1/bg.png,False,http://pbs.twimg.com/profile_images/1459948503740948481/yZCJCYS9_normal.jpg,https://pbs.twimg.com/profile_images/1459948503740948481/yZCJCYS9_normal.jpg,https://pbs.twimg.com/profile_banners/86089860/1683663647,0084B4,FFFFFF,DDEEF6,333333,False,False,False,False,False,False,False,none,[]
Sun May 14 19:18:33 +0000 2023,1657827759832309762,@dorisberriz @Walmart @WinnDixie @Publix @Target @AldiUSA @cvspharmacy @Walgreens @Costco @SamsClub @TraderJoesList Read the box MASKS DONT WORK. But please keep wearing them. The ‚Äúmade in China‚Äù helps Biden‚Äôs  buddy out. ü§°,dorisberriz,en,recent,1590113647942160385,1590113647942160385,PegLegFlamingo(aka Gloria),PegLegFlamingo,United States ,God Fearing American. Protect our Kids The Constitution is not just Paper üá∫üá∏ Make America Great Again Deplorableüá∫üá∏2A (GloriaakaNana71)was my first account,,,[],False,1521,2024,1,Tue Nov 08 22:47:26 +0000 2022,8968,,,False,False,15031,,False,False,False,F5F8FA,,,False,http://pbs.twimg.com/profile_images/1657723366789242881/djpdk_4T_normal.jpg,https://pbs.twimg.com/profile_images/1657723366789242881/djpdk_4T_normal.jpg,https://pbs.twimg.com/profile_banners/1590113647942160385/1667947867,1DA1F2,C0DEED,DDEEF6,333333,True,True,True,False,False,False,False,none,[]
Sun May 14 19:12:00 +0000 2023,1657826109709230082,@SamsClub Columbus IN club is ridiculous. Line to get out after checking myself out was almost to the food court. I left my items unpaid and will buy them at Kroger or Target.,SamsClub,en,recent,2148127302,2148127302,Donmichael Thompson,RealDonmichael,"Columbus, IN","Teacher at BCSC in Columbus, IN",,,[],False,185,241,1,Tue Oct 22 01:36:12 +0000 2013,992,,,False,False,828,,False,False,False,C0DEED,http://abs.twimg.com/images/themes/theme1/bg.png,https://abs.twimg.com/images/themes/theme1/bg.png,False,http://pbs.twimg.com/profile_images/1430939594577563650/GVjhAbbx_normal.jpg,https://pbs.twimg.com/profile_images/1430939594577563650/GVjhAbbx_normal.jpg,https://pbs.twimg.com/profile_banners/2148127302/1623152196,1DA1F2,C0DEED,DDEEF6,333333,True,False,True,False,False,False,False,none,[]
Sun May 14 18:56:08 +0000 2023,1657822117939884034,"@TexasGans @SamsClub Gas Loop - STOP PAYING FULL PRICE FOR GAS - Basically free $30-40

This loop will get you $1.55-$2 off each gallon of gas:
(If you fill up 20 gallons, you just saved over $30+)
https://t.co/P0QfAHsosh",TexasGans,en,recent,1651633074222899206,1651633074222899206,clay davis,claydavis118,,,,,[],False,0,2,0,Thu Apr 27 17:03:11 +0000 2023,0,,,False,False,406,,False,False,False,F5F8FA,,,False,http://pbs.twimg.com/profile_images/1651633184373710852/7H8i3ob7_normal.jpg,https://pbs.twimg.com/profile_images/1651633184373710852/7H8i3ob7_normal.jpg,,1DA1F2,C0DEED,DDEEF6,333333,True,True,True,False,False,False,False,none,[]
Sun May 14 18:52:13 +0000 2023,1657821132865642502,"@donahuegroup Hey, if you're loading your cart while dancing, who are we to judge?",donahuegroup,en,recent,86089860,86089860,Sam‚Äôs Club,SamsClub,"Bentonville, Arkansas","We are a membership wholesale club, offering superior products and services at outstanding values to our members. Tweet @SamsClub.",https://t.co/aQyh1Kcaax,"[{'url': 'https://t.co/aQyh1Kcaax', 'expanded_url': 'http://www.samsclub.com', 'display_url': 'samsclub.com', 'indices': [0, 23]}]",[],False,146015,6,947,Thu Oct 29 15:16:41 +0000 2009,1548,,,True,False,98204,,False,False,False,FFFFFF,http://abs.twimg.com/images/themes/theme1/bg.png,https://abs.twimg.com/images/themes/theme1/bg.png,False,http://pbs.twimg.com/profile_images/1459948503740948481/yZCJCYS9_normal.jpg,https://pbs.twimg.com/profile_images/1459948503740948481/yZCJCYS9_normal.jpg,https://pbs.twimg.com/profile_banners/86089860/1683663647,0084B4,FFFFFF,DDEEF6,333333,False,False,False,False,False,False,False,none,[]
Sun May 14 18:44:31 +0000 2023,1657819193792708611,"Well said, Sam‚Äôs Club. https://t.co/kCFy3jgCSt",,en,recent,1056743533,1056743533,Ross Miller,millerrossb,"Denver, CO",Cursed Nebraska fan and alum. Denver!!,https://t.co/HobK88P0et,"[{'url': 'https://t.co/HobK88P0et', 'expanded_url': 'https://www.twitter.com/millerrossb', 'display_url': 'twitter.com/millerrossb', 'indices': [0, 23]}]",[],False,957,479,9,Thu Jan 03 03:09:55 +0000 2013,40892,,,True,False,8951,,False,False,False,000000,http://abs.twimg.com/images/themes/theme1/bg.png,https://abs.twimg.com/images/themes/theme1/bg.png,False,http://pbs.twimg.com/profile_images/1505652921580625927/fQ3uPGYG_normal.jpg,https://pbs.twimg.com/profile_images/1505652921580625927/fQ3uPGYG_normal.jpg,https://pbs.twimg.com/profile_banners/1056743533/1676227212,1B95E0,000000,000000,000000,False,True,False,False,False,False,False,none,[]
Sun May 14 18:36:28 +0000 2023,1657817171014082560,"@SamsClub So I have a problem my wife and I purchased a vizio tv I believe in June, since having this TV we have barely used it, since last June it says the TV up time is 3 days a few hours and minutes as you can see in the picture. I turned the TV on and now it flickers like",SamsClub,en,recent,1620973692812496896,1620973692812496896,La Sombra Negra,Roja1670,,,,,[],False,2,19,0,Thu Feb 02 02:33:50 +0000 2023,0,,,False,False,11,,False,False,False,F5F8FA,,,False,http://pbs.twimg.com/profile_images/1620973740031971328/cUuy-aOH_normal.png,https://pbs.twimg.com/profile_images/1620973740031971328/cUuy-aOH_normal.png,,1DA1F2,C0DEED,DDEEF6,333333,True,True,True,False,False,False,False,none,[]
Sun May 14 18:33:25 +0000 2023,1657816400172335107,@millerrossb Grilling season is upon us. ü•©,millerrossb,en,recent,86089860,86089860,Sam‚Äôs Club,SamsClub,"Bentonville, Arkansas","We are a membership wholesale club, offering superior products and services at outstanding values to our members. Tweet @SamsClub.",https://t.co/aQyh1Kcaax,"[{'url': 'https://t.co/aQyh1Kcaax', 'expanded_url': 'http://www.samsclub.com', 'display_url': 'samsclub.com', 'indices': [0, 23]}]",[],False,146015,6,947,Thu Oct 29 15:16:41 +0000 2009,1548,,,True,False,98204,,False,False,False,FFFFFF,http://abs.twimg.com/images/themes/theme1/bg.png,https://abs.twimg.com/images/themes/theme1/bg.png,False,http://pbs.twimg.com/profile_images/1459948503740948481/yZCJCYS9_normal.jpg,https://pbs.twimg.com/profile_images/1459948503740948481/yZCJCYS9_normal.jpg,https://pbs.twimg.com/profile_banners/86089860/1683663647,0084B4,FFFFFF,DDEEF6,333333,False,False,False,False,False,False,False,none,[]
Sun May 14 18:00:46 +0000 2023,1657808186357760002,@SamsClub_Sam @stupidatm Well done ggsüëçüëç,SamsClub_Sam,en,recent,1484439628610420740,1484439628610420740,rainbow heron2023,kerridge978,inside herald tree,Like games outdoor walks and tech I'm also on twitch at rainbowheron2022,,,[],False,190,657,0,Fri Jan 21 08:16:25 +0000 2022,4077,,,False,False,11565,,False,False,False,F5F8FA,,,False,http://pbs.twimg.com/profile_images/1565465128220368896/AMDKGRt6_normal.jpg,https://pbs.twimg.com/profile_images/1565465128220368896/AMDKGRt6_normal.jpg,,1DA1F2,C0DEED,DDEEF6,333333,True,True,True,False,False,False,False,none,[]
Sun May 14 17:29:06 +0000 2023,1657800214021828610,@SamsClub_Sam You did amazingly,SamsClub_Sam,en,recent,1149108562981019648,1149108562981019648,STUPIDATM,stupidatm,,"Heya! Welcome to my bio! I'm Chris! Love video games & football! Chill vibes, geeking out & being stupid w/friends! Let's get stoopid together! ‚ù§Ô∏è@samsclub_sam",,,[],False,983,988,1,Thu Jul 11 00:10:05 +0000 2019,48862,,,True,False,36719,,False,False,False,F5F8FA,,,False,http://pbs.twimg.com/profile_images/1621779261060177921/RhV4vVG0_normal.jpg,https://pbs.twimg.com/profile_images/1621779261060177921/RhV4vVG0_normal.jpg,https://pbs.twimg.com/profile_banners/1149108562981019648/1672048928,1DA1F2,C0DEED,DDEEF6,333333,True,True,True,False,False,False,False,none,[]
Sun May 14 17:27:44 +0000 2023,1657799869631991808,"Finally won my first no build solo!!!!! Thanks to @stupidatm for coaching me thru it!!!!! 

I have 426 build solo wins and only 1 no builds solo win :') https://t.co/st3UF7RKuh",,en,recent,750064094200238080,750064094200238080,Samoontha,SamsClub_Sam,"Republic of Gilead, HELP ME!!!","Opinions are my own
Tweets are not investment advice
¬Ω Canadian ¬Ω American 100% idiot
I like fortnite...alot  
Love @stupidatm ü§ô‚ù§Ô∏è",,,[],False,1018,1620,3,Mon Jul 04 20:29:50 +0000 2016,47425,,,False,False,22852,,False,False,False,000000,http://abs.twimg.com/images/themes/theme1/bg.png,https://abs.twimg.com/images/themes/theme1/bg.png,False,http://pbs.twimg.com/profile_images/1622095661314494465/1e_ENooq_normal.jpg,https://pbs.twimg.com/profile_images/1622095661314494465/1e_ENooq_normal.jpg,https://pbs.twimg.com/profile_banners/750064094200238080/1677170988,91D2FA,000000,000000,000000,False,False,False,False,False,False,False,none,[]
Sun May 14 17:24:55 +0000 2023,1657799163319386113,"When I say I am going to the club, I mean @SamsClub üï∫ The skim milk ü•õ prices are very reasonable. #dadlife #sundayfunday",,en,recent,1098461088222531584,1098461088222531584,Matt Donahue,donahuegroup,"Hattiesburg, MS","The Donahue Group operates a molecular foundry constructing nitrogen heterocycles.‚öíÔ∏èüíäüß™piperidines, pyrroles and pyrazines, oh my!",https://t.co/fmQAwBYZVj,"[{'url': 'https://t.co/fmQAwBYZVj', 'expanded_url': 'http://mattdonahuegroup.org', 'display_url': 'mattdonahuegroup.org', 'indices': [0, 23]}]",[],False,200,127,0,Thu Feb 21 05:55:06 +0000 2019,150,,,True,False,688,,False,False,False,000000,http://abs.twimg.com/images/themes/theme1/bg.png,https://abs.twimg.com/images/themes/theme1/bg.png,False,http://pbs.twimg.com/profile_images/1505974451304816645/HcqulMY3_normal.jpg,https://pbs.twimg.com/profile_images/1505974451304816645/HcqulMY3_normal.jpg,https://pbs.twimg.com/profile_banners/1098461088222531584/1672159377,1B95E0,000000,000000,000000,False,True,False,False,False,False,False,none,[]
Sun May 14 16:59:05 +0000 2023,1657792659799306240,"I'm at @SamsClub Fuel Center in Fountain Valley, CA https://t.co/dlRTJIImxV",,en,recent,95623186,95623186,Barisan the Younger,Kalbozey,Southern California,"Family, Travels, Consumer Issues & Progressive Causes
Thomas Merton, Dorothy Day & Leonardo Boff Catholic",https://t.co/nQ6g0JtlMz,"[{'url': 'https://t.co/nQ6g0JtlMz', 'expanded_url': 'https://www.flickr.com/photos/kalboz/albums', 'display_url': 'flickr.com/photos/kalboz/‚Ä¶', 'indices': [0, 23]}]",[],False,444,848,18,Wed Dec 09 11:00:43 +0000 2009,17895,,,True,False,13067,,False,False,False,C0DEED,http://abs.twimg.com/images/themes/theme1/bg.png,https://abs.twimg.com/images/themes/theme1/bg.png,False,http://pbs.twimg.com/profile_images/1142967190/l_normal.jpg,https://pbs.twimg.com/profile_images/1142967190/l_normal.jpg,https://pbs.twimg.com/profile_banners/95623186/1398577036,0084B4,FFFFFF,DDEEF6,333333,True,False,False,False,False,False,False,none,[]
Sun May 14 16:56:35 +0000 2023,1657792031052255236,"Happy Mother's Day to all the incredible moms out there!

Your love and dedication are truly unmatched, and we are so grateful for everything you do. Today, and every day, we celebrate you! üíêüë©‚Äçüëß‚Äçüë¶

 #BBSwholesale #BBS #Convenient #BBSsmartsaver #costcodeals #samsclub #samsclubdeals https://t.co/rVgDxLhTeY",,en,recent,1636413859211755523,1636413859211755523,BulkBuySplitter,bulkbuysplitter,,"Bulk Buy Splitter allows you to create your own supply chain with friends and businesses for a small fee every month!
Download the mobile app and sign up today!",https://t.co/ZbSfxhzWly,"[{'url': 'https://t.co/ZbSfxhzWly', 'expanded_url': 'https://www.bulkbuysplitter.com/', 'display_url': 'bulkbuysplitter.com', 'indices': [0, 23]}]",[],False,8,1,0,Thu Mar 16 17:07:38 +0000 2023,1,,,False,False,19,,False,False,False,F5F8FA,,,False,http://pbs.twimg.com/profile_images/1636417519522136086/9zDnrGpk_normal.jpg,https://pbs.twimg.com/profile_images/1636417519522136086/9zDnrGpk_normal.jpg,https://pbs.twimg.com/profile_banners/1636413859211755523/1678987317,1DA1F2,C0DEED,DDEEF6,333333,True,True,True,False,False,False,False,none,[]
Sun May 14 15:42:54 +0000 2023,1657773491360235521,"Happy Mother‚Äôs Day‚Ä¶ Muah!üíã #mothersday

#numberoneinthecountry #365pie #joyebells #desserts  #pie #joyebellspeachpies  #joyebellssweetpotatopies  #samsclub #foodlion #qvc #sweetpotatopie #peachpie #familyreunion #cookout #summer #southern #backwoods #country #deliciousness https://t.co/Rl9pMWKBBv",,en,recent,1151862223578513409,1151862223578513409,JOYEBELLS,_joyebells,"Virginia, USA","JOYEBELLS is home to that mouthwatering, southern, backwoods, country deliciousness! 6 Generations of Baking Excellence.",https://t.co/jgWFBKAI5B,"[{'url': 'https://t.co/jgWFBKAI5B', 'expanded_url': 'http://www.joyebells.com', 'display_url': 'joyebells.com', 'indices': [0, 23]}]",[],False,59,17,0,Thu Jul 18 14:32:09 +0000 2019,628,,,False,False,529,,False,False,False,F5F8FA,,,False,http://pbs.twimg.com/profile_images/1151893692615147524/zfF__0g3_normal.png,https://pbs.twimg.com/profile_images/1151893692615147524/zfF__0g3_normal.png,https://pbs.twimg.com/profile_banners/1151862223578513409/1640548494,1DA1F2,C0DEED,DDEEF6,333333,True,False,True,False,False,False,False,none,[]
Sun May 14 15:41:24 +0000 2023,1657773112006434816,i love buying stuff at @SamsClub for full price only to realize it's expired when i  get home. wtf,,en,recent,422176338,422176338,taylor,crayforddl,"Chicago, IL",weird old stan account that i use to rant lol,https://t.co/Lvjww8IXcb,"[{'url': 'https://t.co/Lvjww8IXcb', 'expanded_url': 'http://nvrbeenhurts.tumblr.com/', 'display_url': 'nvrbeenhurts.tumblr.com', 'indices': [0, 23]}]",[],False,2676,1437,13,Sat Nov 26 22:38:53 +0000 2011,47830,,,False,False,25391,,False,False,False,FFFFFF,http://abs.twimg.com/images/themes/theme18/bg.gif,https://abs.twimg.com/images/themes/theme18/bg.gif,True,http://pbs.twimg.com/profile_images/1559699955715031040/aIO_pUYu_normal.jpg,https://pbs.twimg.com/profile_images/1559699955715031040/aIO_pUYu_normal.jpg,https://pbs.twimg.com/profile_banners/422176338/1558061562,81110A,FFFFFF,F6F6F6,333333,True,True,False,False,False,False,False,none,[]
Sun May 14 15:20:55 +0000 2023,1657767956149878786,@LauritaaS__ The best things in life are sweet. üßÅ,LauritaaS__,en,recent,86089860,86089860,Sam‚Äôs Club,SamsClub,"Bentonville, Arkansas","We are a membership wholesale club, offering superior products and services at outstanding values to our members. Tweet @SamsClub.",https://t.co/aQyh1Kcaax,"[{'url': 'https://t.co/aQyh1Kcaax', 'expanded_url': 'http://www.samsclub.com', 'display_url': 'samsclub.com', 'indices': [0, 23]}]",[],False,146015,6,947,Thu Oct 29 15:16:41 +0000 2009,1548,,,True,False,98204,,False,False,False,FFFFFF,http://abs.twimg.com/images/themes/theme1/bg.png,https://abs.twimg.com/images/themes/theme1/bg.png,False,http://pbs.twimg.com/profile_images/1459948503740948481/yZCJCYS9_normal.jpg,https://pbs.twimg.com/profile_images/1459948503740948481/yZCJCYS9_normal.jpg,https://pbs.twimg.com/profile_banners/86089860/1683663647,0084B4,FFFFFF,DDEEF6,333333,False,False,False,False,False,False,False,none,[]
Sun May 14 13:43:30 +0000 2023,1657743442204676096,@SamsClub Purchased Thursday. 7day policy please. @samsclubhelp https://t.co/RGKm6DTwgj,SamsClub,en,recent,158183627,158183627,„Åö„Åã„Åó‚ô°Êâã‰Ωú„Çä„ÉÑ„Ç§„Éº„Éà,ZukashiT,ÁöáÂ†°Â∏ùÂõΩ,„ÉØ„É≥„É©„É≥„ÇØ‰∏ä„ÅÆÈÄè„ÅçÈÄö„Å£„ÅüÊ∏Ö„ÄÖ„Åó„ÅÑÂ§âÊÖã„ÄÇ‰∏âÂ∫¶„ÅÆÈ£Ø„Çà„ÇäÈ£ü„Åπ„Çã„ÅÆ„ÅåÂ•Ω„Åç„ÄÇÁâπÊäÄ„ÅØËá™ÁîªËá™Ë≥õ„ÄÇ‰∫åÂçÅÊ≠≥„Åã„ÇâÂ§ñË≥á„ÄÅGAFAÂÖ®„Å¶ÁµåÈ®ìÊ∏à„Åø„ÅÆËã±Ê§úÔºìÁ¥öÔºàÁî∑ÊÄßÁµåÈ®ìÁÑ°„ÅóÔºâ„ÄÇ2013Âπ¥„Éã„É•„É®„Éº„ÇØ„ÅÆÁ≤æÁ•ûÁóÖÈô¢„ÇíËÑ±Âá∫„ÄÇ‰ªä„ÅØ„Åä„É≠„Åß„Åô„Çã‰ªï‰∫ã„Å®Ë™≠„É¢ÔºàB:102 W:79 H:95Ôºâ„ÄÇÁ±≥ÂõΩ„Éî„Ç∂ÂèñÂæóÊ∏à„ÄÅ‰∫å„É∂Êúà„Éï„Ç©„É≠„ÉºÁÑ°ÊñôÔºà‰ºöÂì°Âà∂Ôºâ„ÄÇ,https://t.co/g36RvHWHcn,"[{'url': 'https://t.co/g36RvHWHcn', 'expanded_url': 'https://zukashi.com/tag/allstar/', 'display_url': 'zukashi.com/tag/allstar/', 'indices': [0, 23]}]",[],False,14153,2967,167,Tue Jun 22 00:47:09 +0000 2010,225397,,,True,False,370291,,False,False,False,131516,http://abs.twimg.com/images/themes/theme14/bg.gif,https://abs.twimg.com/images/themes/theme14/bg.gif,True,http://pbs.twimg.com/profile_images/1361431634084589572/NfT7_KI9_normal.jpg,https://pbs.twimg.com/profile_images/1361431634084589572/NfT7_KI9_normal.jpg,https://pbs.twimg.com/profile_banners/158183627/1398273017,02700F,FFFFFF,000000,33EE33,True,True,False,False,False,False,False,regular,[]
Sun May 14 13:39:47 +0000 2023,1657742507357208578,"@philthatremains @SamsClub Easily done, cut me the check.",philthatremains,en,recent,843515928,843515928,Sir Charles the Stalwart,Cwindstar,Right Behind You,"Many hobbies. Not PG or PC. Polyamorous.
üîû Dibellan Paladin. Expert RPer.
Fluent in Meme, GIF, Naps and Snaxs.
Quite the character, normal people stay away üòÇ",,,[],False,818,3000,20,Mon Sep 24 12:42:15 +0000 2012,48496,,,False,False,52392,,False,False,False,131516,http://abs.twimg.com/images/themes/theme14/bg.gif,https://abs.twimg.com/images/themes/theme14/bg.gif,True,http://pbs.twimg.com/profile_images/1571007616049975297/x2lEIwzF_normal.jpg,https://pbs.twimg.com/profile_images/1571007616049975297/x2lEIwzF_normal.jpg,https://pbs.twimg.com/profile_banners/843515928/1678729196,000124,FFFFFF,EFEFEF,333333,True,True,False,False,False,False,False,none,[]
Sun May 14 13:15:44 +0000 2023,1657736454053810176,@ONLY1CHYNABABY Worth the trip. üòä,ONLY1CHYNABABY,en,recent,86089860,86089860,Sam‚Äôs Club,SamsClub,"Bentonville, Arkansas","We are a membership wholesale club, offering superior products and services at outstanding values to our members. Tweet @SamsClub.",https://t.co/aQyh1Kcaax,"[{'url': 'https://t.co/aQyh1Kcaax', 'expanded_url': 'http://www.samsclub.com', 'display_url': 'samsclub.com', 'indices': [0, 23]}]",[],False,146015,6,947,Thu Oct 29 15:16:41 +0000 2009,1548,,,True,False,98204,,False,False,False,FFFFFF,http://abs.twimg.com/images/themes/theme1/bg.png,https://abs.twimg.com/images/themes/theme1/bg.png,False,http://pbs.twimg.com/profile_images/1459948503740948481/yZCJCYS9_normal.jpg,https://pbs.twimg.com/profile_images/1459948503740948481/yZCJCYS9_normal.jpg,https://pbs.twimg.com/profile_banners/86089860/1683663647,0084B4,FFFFFF,DDEEF6,333333,False,False,False,False,False,False,False,none,[]
Sun May 14 12:59:29 +0000 2023,1657732365157027843,RT @stupidatm: Going live with Disney Speedstorm ranked! https://t.co/DLnJYsPqnF,,en,recent,750064094200238080,750064094200238080,Samoontha,SamsClub_Sam,"Republic of Gilead, HELP ME!!!","Opinions are my own
Tweets are not investment advice
¬Ω Canadian ¬Ω American 100% idiot
I like fortnite...alot  
Love @stupidatm ü§ô‚ù§Ô∏è",,,[],False,1018,1620,3,Mon Jul 04 20:29:50 +0000 2016,47425,,,False,False,22852,,False,False,False,000000,http://abs.twimg.com/images/themes/theme1/bg.png,https://abs.twimg.com/images/themes/theme1/bg.png,False,http://pbs.twimg.com/profile_images/1622095661314494465/1e_ENooq_normal.jpg,https://pbs.twimg.com/profile_images/1622095661314494465/1e_ENooq_normal.jpg,https://pbs.twimg.com/profile_banners/750064094200238080/1677170988,91D2FA,000000,000000,000000,False,False,False,False,False,False,False,none,[]
Sun May 14 12:30:58 +0000 2023,1657725187767390213,@ablakeallen @SamsClub Now I‚Äôm going to have to go buy some. I pass up a good salsa!!,ablakeallen,en,recent,1398685423057223685,1398685423057223685,Julie Grohman,grohman_julie,,,,,[],False,54,203,0,Sat May 29 16:59:41 +0000 2021,2509,,,False,False,87,,False,False,False,F5F8FA,,,False,http://abs.twimg.com/sticky/default_profile_images/default_profile_normal.png,https://abs.twimg.com/sticky/default_profile_images/default_profile_normal.png,,1DA1F2,C0DEED,DDEEF6,333333,True,True,True,True,False,False,False,none,[]
Sun May 14 12:24:36 +0000 2023,1657723583982891009,@I_Luv_Thinkers @dymiette @SamsClub Hello there! We completely understand your concern and are requesting you send us a direct message with your membership number and contact information so we can look into this for you. Thank you for being a Loyal BJ's Wholesale Club Member.,I_Luv_Thinkers,en,recent,84184644,84184644,BJ's Wholesale,BJsWholesale,"Westborough, MA",Tag us at #BJsSmartSaver for a chance to be featured.,https://t.co/GsDqHZCpzT,"[{'url': 'https://t.co/GsDqHZCpzT', 'expanded_url': 'http://www.BJs.com', 'display_url': 'BJs.com', 'indices': [0, 23]}]",[],False,22770,3422,315,Wed Oct 21 22:59:59 +0000 2009,3510,,,True,False,19704,,False,False,False,830B2B,http://abs.twimg.com/images/themes/theme1/bg.png,https://abs.twimg.com/images/themes/theme1/bg.png,False,http://pbs.twimg.com/profile_images/1097546057574174722/KI5s1OZi_normal.png,https://pbs.twimg.com/profile_images/1097546057574174722/KI5s1OZi_normal.png,https://pbs.twimg.com/profile_banners/84184644/1580745387,CC0033,FFFFFF,F7F7F7,030101,False,False,False,False,False,False,False,none,[]
Sun May 14 09:19:14 +0000 2023,1657676938486624256,RT @WatJu5tHappened: I am the force and the force is with me https://t.co/moTDxeVFKN,,en,recent,750064094200238080,750064094200238080,Samoontha,SamsClub_Sam,"Republic of Gilead, HELP ME!!!","Opinions are my own
Tweets are not investment advice
¬Ω Canadian ¬Ω American 100% idiot
I like fortnite...alot  
Love @stupidatm ü§ô‚ù§Ô∏è",,,[],False,1018,1620,3,Mon Jul 04 20:29:50 +0000 2016,47425,,,False,False,22852,,False,False,False,000000,http://abs.twimg.com/images/themes/theme1/bg.png,https://abs.twimg.com/images/themes/theme1/bg.png,False,http://pbs.twimg.com/profile_images/1622095661314494465/1e_ENooq_normal.jpg,https://pbs.twimg.com/profile_images/1622095661314494465/1e_ENooq_normal.jpg,https://pbs.twimg.com/profile_banners/750064094200238080/1677170988,91D2FA,000000,000000,000000,False,False,False,False,False,False,False,none,[]
Sun May 14 08:07:20 +0000 2023,1657658840563810304,"@PressSec @WhiteHouseGPC @WhiteHouseHPI I own @SamsClub @Walmart @DollarTree we can run Billion or trillion food EBT system. Tax dollars red cross. 50 States 1 @uscensusbureau I get 2,880 for just myself not kids. Senior @StateDept what better fuel deal can we get @IRSnews @CNBC https://t.co/kJMupfFX6b",PressSec,en,recent,1655700408268992512,1655700408268992512,Amylynn Volluz,AmyVolluz518513,,,,,[],False,0,218,0,Mon May 08 22:25:50 +0000 2023,61,,,False,False,123,,False,False,False,F5F8FA,,,False,http://pbs.twimg.com/profile_images/1655906695518748672/AqgVBWJ5_normal.jpg,https://pbs.twimg.com/profile_images/1655906695518748672/AqgVBWJ5_normal.jpg,https://pbs.twimg.com/profile_banners/1655700408268992512/1683634634,1DA1F2,C0DEED,DDEEF6,333333,True,True,True,False,False,False,False,none,[]
Sun May 14 07:45:08 +0000 2023,1657653255223083009,I don't want them in Court public opinions to say we allowed those from other countries to gain more from @StateDept food stamps EBT medical insurance program started before 1980.   When I was born. @SamsClub @Walmart @PressSec we don't want 50 trillion 1 trillion each state 10yr https://t.co/Gjt9WhHnBx,,en,recent,1655700408268992512,1655700408268992512,Amylynn Volluz,AmyVolluz518513,,,,,[],False,0,218,0,Mon May 08 22:25:50 +0000 2023,61,,,False,False,123,,False,False,False,F5F8FA,,,False,http://pbs.twimg.com/profile_images/1655906695518748672/AqgVBWJ5_normal.jpg,https://pbs.twimg.com/profile_images/1655906695518748672/AqgVBWJ5_normal.jpg,https://pbs.twimg.com/profile_banners/1655700408268992512/1683634634,1DA1F2,C0DEED,DDEEF6,333333,True,True,True,False,False,False,False,none,[]
Sun May 14 07:03:30 +0000 2023,1657642777595838467,It's has to be cheaper more cost effective to build a new community in Mexico then allowed me @SamsClub @Walmart @DollarTree to ask run up food stamps EBT money that hasn't saved American person 10yrs. Like state budget. @PressSec @KMOV @StateDept @ksdknews @WhiteHouseOPE46 https://t.co/qL0brK5t8a,,en,recent,1655700408268992512,1655700408268992512,Amylynn Volluz,AmyVolluz518513,,,,,[],False,0,218,0,Mon May 08 22:25:50 +0000 2023,61,,,False,False,123,,False,False,False,F5F8FA,,,False,http://pbs.twimg.com/profile_images/1655906695518748672/AqgVBWJ5_normal.jpg,https://pbs.twimg.com/profile_images/1655906695518748672/AqgVBWJ5_normal.jpg,https://pbs.twimg.com/profile_banners/1655700408268992512/1683634634,1DA1F2,C0DEED,DDEEF6,333333,True,True,True,False,False,False,False,none,[]
Sun May 14 06:48:38 +0000 2023,1657639037769793537,Like I said I'm @SamsClub I'm @WalmartInc at bar I would love to get Mexico town to help stop EBT food rip out for Texas sold hot vapor fuel Building a town Vatican church Dali lam owns Then cash in any more EBT food stamps Money 4 fuel Church housing food work store @DollarTree,,en,recent,1655700408268992512,1655700408268992512,Amylynn Volluz,AmyVolluz518513,,,,,[],False,0,218,0,Mon May 08 22:25:50 +0000 2023,61,,,False,False,123,,False,False,False,F5F8FA,,,False,http://pbs.twimg.com/profile_images/1655906695518748672/AqgVBWJ5_normal.jpg,https://pbs.twimg.com/profile_images/1655906695518748672/AqgVBWJ5_normal.jpg,https://pbs.twimg.com/profile_banners/1655700408268992512/1683634634,1DA1F2,C0DEED,DDEEF6,333333,True,True,True,False,False,False,False,none,[]
Sun May 14 03:11:40 +0000 2023,1657584436085686272,@MTumarkin @OfficialOPLive @SamsClub @RobertIrvine Oh the PB&amp;J is so good!,MTumarkin,en,recent,771032854113361920,771032854113361920,Vivacious Valkyrieüá∫üá∏üá∫üá∏,LilMinxx2u,United States,"All American USAF Veteran üá∫üá∏üá∫üá∏, Pro Law Enforcement have much love for all our first responders. üöîüöíüöëüöì MAGA, America FIRST!! Proud Pyrenees mama! üê∂üêæ",,,[],False,4178,5004,2,Wed Aug 31 17:12:12 +0000 2016,346793,,,False,False,15348,,False,False,False,F5F8FA,,,False,http://pbs.twimg.com/profile_images/1623688144334819329/TgKmwNJo_normal.jpg,https://pbs.twimg.com/profile_images/1623688144334819329/TgKmwNJo_normal.jpg,https://pbs.twimg.com/profile_banners/771032854113361920/1472664824,1DA1F2,C0DEED,DDEEF6,333333,True,False,True,False,False,False,False,none,[]
Sun May 14 03:11:07 +0000 2023,1657584294964125696,RT @MTumarkin: #oplive #OPLive #OPnation #OnPatrolLive #onpatrolnation. Great to see the #fitcrunch ads during the show.  @SamsClub had the‚Ä¶,,en,recent,1534682734710366210,1534682734710366210,On Patrol: Live,OfficialOPLive,,"Official Account of #OnPatrolLive. Every Friday & Saturday at 9e|6p, only on @ReelzChannel. Follow our hosts: @danabrams @CurtisWilson275 @Sean_C_Larkin",https://t.co/6UYiWsEMS2,"[{'url': 'https://t.co/6UYiWsEMS2', 'expanded_url': 'http://OPLive.com', 'display_url': 'OPLive.com', 'indices': [0, 23]}]",[],False,92374,403,139,Wed Jun 08 23:44:24 +0000 2022,15759,,,False,False,8957,,False,False,False,F5F8FA,,,False,http://pbs.twimg.com/profile_images/1593743548402192391/m_RNbeyL_normal.jpg,https://pbs.twimg.com/profile_images/1593743548402192391/m_RNbeyL_normal.jpg,https://pbs.twimg.com/profile_banners/1534682734710366210/1668813019,1DA1F2,C0DEED,DDEEF6,333333,True,True,True,False,False,False,False,none,[]
Sun May 14 02:43:59 +0000 2023,1657577467480031233,"@yappydagger @chocolateSTL @IamKarenBoBaran @2MenSalsa @InstantPot @ParnellChef @KikkomanKitchen @BobsRedMill @bigelowtea @MapleLeafFarms @AVestige1 @marketwagon @NinjaKitchen @stubbsbbqsauce @CutwaterSpirits @DukesMayonnaise @TheBlockWebster @Costco @RollingLawnsIL @AmericanPieCo @UPS @Oberweis @toadspigs @PastureRanger @CiderboysCider @guinness @FreshThymeFM @rootsrundeepnv @FaziosFoods @OreIdaPotatoes @SpottedCow_Wisc @TABASCO @CompanionBaker @cupofpipers @CedarsFoods @Kaldis_Coffee @StChasCC @KillerBread @Chef_Kara @Target @LAFC @OakBeveragesInc @MaullsBBQ @BreveCoffees @sbrbbq @asturifoods @SamsClub @opencup @brfootball @CahokiaR 2/ Rosemary, Bay Leaves, Black Peppercorn, and Sea Salt,), cornstarch.",robert_weiter,en,recent,872024441433337856,872024441433337856,Robert Weiter,robert_weiter,United States ,"Retired pastor, broadcaster, social worker currently freelance journalist and analyst. Retweets do not imply endorsement.

Articles: https://t.co/zx3G1SGDoT",,,"[{'url': 'https://t.co/zx3G1SGDoT', 'expanded_url': 'https://medium.com/@rweiter', 'display_url': 'medium.com/@rweiter', 'indices': [133, 156]}]",False,571,2280,0,Tue Jun 06 09:36:43 +0000 2017,13494,,,True,False,24337,,False,False,False,F5F8FA,,,False,http://pbs.twimg.com/profile_images/1195234535190990848/EeHAhFAP_normal.jpg,https://pbs.twimg.com/profile_images/1195234535190990848/EeHAhFAP_normal.jpg,,1DA1F2,C0DEED,DDEEF6,333333,True,True,True,False,False,False,False,none,[]
Sun May 14 02:41:21 +0000 2023,1657576805274984448,#BREAKING: Walmart is adding EV chargers to hundreds of its stores https://t.co/Ezn8GIDTzT #Walmart #SamsClub,,en,recent,1567018757423259649,1567018757423259649,Curt 'Rockin Curt',CurtRockin,"United States, Illinois",'Music Is The Strongest Form Of Magic' // I Tweet About What's Happening In The World!,https://t.co/eVPCiWRqNr,"[{'url': 'https://t.co/eVPCiWRqNr', 'expanded_url': 'http://www.youtube.com/ccurtgo', 'display_url': 'youtube.com/ccurtgo', 'indices': [0, 23]}]",[],False,27,224,0,Tue Sep 06 05:16:23 +0000 2022,2251,,,False,False,1514,,False,False,False,F5F8FA,,,False,http://pbs.twimg.com/profile_images/1567949249190428673/HMl1znFX_normal.jpg,https://pbs.twimg.com/profile_images/1567949249190428673/HMl1znFX_normal.jpg,https://pbs.twimg.com/profile_banners/1567018757423259649/1662503692,1DA1F2,C0DEED,DDEEF6,333333,True,True,True,False,False,False,False,none,[]
Sun May 14 02:40:28 +0000 2023,1657576581865394176,#oplive #OPLive #OPnation #OnPatrolLive #onpatrolnation. Great to see the #fitcrunch ads during the show.  @SamsClub had the chocolate mint/PB&amp;J boxes last weekend.... two of my favorites! @RobertIrvine,,en,recent,2840855063,2840855063,M Tumarkin,MTumarkin,Northeast Ohio,"Geeky lover of animals, music, OnPatrolLive, nature and the USA! Wish I had been a meteorologist!",,,[],False,2807,2463,7,Wed Oct 22 02:52:07 +0000 2014,241292,,,False,False,62271,,False,False,False,000000,http://abs.twimg.com/images/themes/theme1/bg.png,https://abs.twimg.com/images/themes/theme1/bg.png,False,http://pbs.twimg.com/profile_images/525084922650705920/sTsePw7o_normal.jpeg,https://pbs.twimg.com/profile_images/525084922650705920/sTsePw7o_normal.jpeg,https://pbs.twimg.com/profile_banners/2840855063/1414632002,9266CC,000000,000000,000000,False,True,False,False,False,False,False,none,[]
Sun May 14 02:28:01 +0000 2023,1657573448573485056,"@yappydagger @chocolateSTL @IamKarenBoBaran @2MenSalsa @InstantPot @ParnellChef @KikkomanKitchen @BobsRedMill @bigelowtea @MapleLeafFarms @AVestige1 @marketwagon @NinjaKitchen @stubbsbbqsauce @CutwaterSpirits @DukesMayonnaise @TheBlockWebster @Costco @RollingLawnsIL @AmericanPieCo @UPS @Oberweis @toadspigs @PastureRanger @CiderboysCider @guinness @FreshThymeFM @rootsrundeepnv @FaziosFoods @OreIdaPotatoes @SpottedCow_Wisc @TABASCO @CompanionBaker @cupofpipers @CedarsFoods @Kaldis_Coffee @StChasCC @KillerBread @Chef_Kara @Target @LAFC @OakBeveragesInc @MaullsBBQ @BreveCoffees @sbrbbq @asturifoods @SamsClub @opencup @brfootball @CahokiaR #Dinner: #American Mutton Stew.   Yukon Gold potatoes, carrots, yellow onion, leeks, wild foraged ramps, green beans, peas, celery, garlic, sea salt, pepper, spices, lamb bone broth (Lamb Bones, Apple Cider Vinegar, Water, Onion, Celery, Carrots, Garlic, Thyme, Parsley,   /2 https://t.co/5SG97poD0z",yappydagger,en,recent,872024441433337856,872024441433337856,Robert Weiter,robert_weiter,United States ,"Retired pastor, broadcaster, social worker currently freelance journalist and analyst. Retweets do not imply endorsement.

Articles: https://t.co/zx3G1SGDoT",,,"[{'url': 'https://t.co/zx3G1SGDoT', 'expanded_url': 'https://medium.com/@rweiter', 'display_url': 'medium.com/@rweiter', 'indices': [133, 156]}]",False,571,2280,0,Tue Jun 06 09:36:43 +0000 2017,13494,,,True,False,24337,,False,False,False,F5F8FA,,,False,http://pbs.twimg.com/profile_images/1195234535190990848/EeHAhFAP_normal.jpg,https://pbs.twimg.com/profile_images/1195234535190990848/EeHAhFAP_normal.jpg,,1DA1F2,C0DEED,DDEEF6,333333,True,True,True,False,False,False,False,none,[]
Sun May 14 02:03:53 +0000 2023,1657567376806748162,"Dear @SamsClub ,

The Members Mark Cantina Salsa is the best salsa. Please take the ‚ÄúLimited Edition‚Äù tag off and release this year round. 

Thanks! https://t.co/H8ZnmzaRG0",,en,recent,298091618,298091618,Blake Allen,ablakeallen,The Lone Star State,Head Boy‚Äôs Basketball & CC @ Jim Ned High School.,,,[],False,569,676,4,Fri May 13 17:02:05 +0000 2011,2230,,,True,False,6901,,False,False,False,022330,http://abs.twimg.com/images/themes/theme15/bg.png,https://abs.twimg.com/images/themes/theme15/bg.png,False,http://pbs.twimg.com/profile_images/1466223480119169029/b1ftGW30_normal.jpg,https://pbs.twimg.com/profile_images/1466223480119169029/b1ftGW30_normal.jpg,https://pbs.twimg.com/profile_banners/298091618/1503316114,0084B4,A8C7F7,C0DFEC,333333,True,True,False,False,False,False,False,none,[]
Sun May 14 01:46:41 +0000 2023,1657563050365558787,@VIZIO @SamsClub My flat screen stopped working a year after I got it. Maybe not even a year. Very disappointed.,VIZIO,en,recent,82448661,82448661,C. A. Smith üé•üëªüìº üçø,_CineSmith_,Horrorwood,Horror Auteur. Take care & stay scared. Watch Rorschach: https://t.co/q57mR1VJOE,https://t.co/20lHfdIbLo,"[{'url': 'https://t.co/20lHfdIbLo', 'expanded_url': 'https://m.youtube.com/channel/UCQOBkUfKDHB3AxRNvWHtjVA', 'display_url': 'm.youtube.com/channel/UCQOBk‚Ä¶', 'indices': [0, 23]}]","[{'url': 'https://t.co/q57mR1VJOE', 'expanded_url': 'http://youtu.be/Afyzdpzm1AU', 'display_url': 'youtu.be/Afyzdpzm1AU', 'indices': [57, 80]}]",False,9789,10810,89,Wed Oct 14 20:23:03 +0000 2009,84826,,,True,False,33329,,False,False,False,2B748A,http://abs.twimg.com/images/themes/theme8/bg.gif,https://abs.twimg.com/images/themes/theme8/bg.gif,False,http://pbs.twimg.com/profile_images/1544418547064918016/fB3xKf10_normal.jpg,https://pbs.twimg.com/profile_images/1544418547064918016/fB3xKf10_normal.jpg,https://pbs.twimg.com/profile_banners/82448661/1656237054,ABB8C2,D9B17E,EADEAA,333333,True,True,False,False,False,False,False,none,[]
Sun May 14 01:45:02 +0000 2023,1657562631509516288,"@Barnacules The dual hose units may not be as efficient as the window units for sure, but for us it worked wonders! Especially since we couldn‚Äôt go with windows units. Here‚Äôs that sams club variant https://t.co/0JYoI9K1Pa

Window units are king for sure though, but they do take some work lol",Blaze2KX,en,recent,979831748400951299,979831748400951299,Blaze2K,Blaze2KX,Somewhere,"I‚Äôm a YouTuber who covers Tech, Gaming Handhelds - 34k subs on YouTube - Email: blaze2kyt@gmail.com - Brand MediaKit: https://t.co/m0aOLPC06k",https://t.co/62xYOTLGgC,"[{'url': 'https://t.co/62xYOTLGgC', 'expanded_url': 'https://youtube.com/Blaze2k', 'display_url': 'youtube.com/Blaze2k', 'indices': [0, 23]}]","[{'url': 'https://t.co/m0aOLPC06k', 'expanded_url': 'https://blaze2k.com/mediakit', 'display_url': 'blaze2k.com/mediakit', 'indices': [118, 141]}]",False,4881,160,19,Fri Mar 30 21:24:28 +0000 2018,1992,,,False,False,3124,,False,False,False,000000,http://abs.twimg.com/images/themes/theme1/bg.png,https://abs.twimg.com/images/themes/theme1/bg.png,False,http://pbs.twimg.com/profile_images/1389113321639534594/mEN-Q1bI_normal.jpg,https://pbs.twimg.com/profile_images/1389113321639534594/mEN-Q1bI_normal.jpg,https://pbs.twimg.com/profile_banners/979831748400951299/1626644147,57019F,000000,000000,000000,False,True,False,False,False,False,False,none,[]
Sun May 14 01:40:43 +0000 2023,1657561547739131906,"@SAMSclub__ could be! some kind of terrier at least, and maybe a fucked up third thing. who knows!!",SAMSclub__,en,recent,346391622,346391622,jamison?,scurviex,"Pennsylvania, USA",üè≥Ô∏è‚Äç‚ößÔ∏è / he/him | 18+ | ACAB. | i hyperfixate and i complain about things. i may be stupid,,,[],False,298,1163,2,Mon Aug 01 05:40:51 +0000 2011,160495,,,False,False,30041,,False,False,False,181B1C,http://abs.twimg.com/images/themes/theme14/bg.gif,https://abs.twimg.com/images/themes/theme14/bg.gif,False,http://pbs.twimg.com/profile_images/1558952799362228224/RbbNahMt_normal.jpg,https://pbs.twimg.com/profile_images/1558952799362228224/RbbNahMt_normal.jpg,https://pbs.twimg.com/profile_banners/346391622/1672994470,5F04B4,000000,C0DFEC,333333,True,True,False,False,False,False,False,none,[]
Sun May 14 00:18:03 +0000 2023,1657540742045134848,@dymiette Back to @SamsClub we're going! I STILL haven't heard a word from @BJsWholesale! I started this process May 1st!,dymiette,en,recent,43474982,43474982,üëë The Baby That Paid Extra üëë,I_Luv_Thinkers,East Coast,She/Her #AffordableHousingCannabisDisabilityAdvocate #DETROIT Born&Raised! #Fibromyalgia #LupusMom #AutismGranny & multi-tasking genius that needs a good nap.,,,[],False,2200,2337,86,Sat May 30 03:48:53 +0000 2009,28758,,,True,False,149028,,False,False,False,C0DEED,http://abs.twimg.com/images/themes/theme10/bg.gif,https://abs.twimg.com/images/themes/theme10/bg.gif,True,http://pbs.twimg.com/profile_images/1657843606248464386/jjz9jfUf_normal.jpg,https://pbs.twimg.com/profile_images/1657843606248464386/jjz9jfUf_normal.jpg,https://pbs.twimg.com/profile_banners/43474982/1381025208,9266CC,C0DEED,DDEEF6,333333,True,True,False,False,False,False,False,none,[]
Sun May 14 00:07:30 +0000 2023,1657538089709862912,The vanilla frozen yogurt and berries is so fricken good at @SamsClub !!! Never get rid of it!,,en,recent,917725903987314689,917725903987314689,‚ú®üå∏‚ú®üíó‚ú®üíú‚ú®üå∏,MrsSheGottaVent,,,,,[],False,1,255,0,Tue Oct 10 12:18:00 +0000 2017,4941,,,True,False,4536,,False,False,False,F5F8FA,,,False,http://pbs.twimg.com/profile_images/1657007113812549635/7mv0TK3H_normal.jpg,https://pbs.twimg.com/profile_images/1657007113812549635/7mv0TK3H_normal.jpg,,1DA1F2,C0DEED,DDEEF6,333333,True,False,True,False,False,False,False,none,[]
Sun May 14 00:00:12 +0000 2023,1657536252604719109,"RT @chaesoberrie: me: ‚Äúwhy tf does my back hurt??‚Äù

also me: https://t.co/ZHaJMkb6LL",,en,recent,714607828502056960,714607828502056960,ùôéùôñùô¢ùôçùòæ,Im_Samsclub_,"Guadalajara, Jalisco",ùòΩùô°ùô§ùô£ùôôùôö ùôÇùôûùôßùô°. üè≥Ô∏è‚Äçüåà,,,[],False,23,229,0,Tue Mar 29 00:19:17 +0000 2016,1525,,,False,False,287,,False,False,False,F5F8FA,,,False,http://pbs.twimg.com/profile_images/1650522235600269313/CeFq3E4h_normal.jpg,https://pbs.twimg.com/profile_images/1650522235600269313/CeFq3E4h_normal.jpg,https://pbs.twimg.com/profile_banners/714607828502056960/1682962875,1DA1F2,C0DEED,DDEEF6,333333,True,True,True,False,False,False,False,none,[]
Sat May 13 23:44:36 +0000 2023,1657532326723702793,@SamsClub  @Walmart Please start taking Apple Pay. Thanks.,SamsClub,en,recent,574895385,574895385,Alexis,IWantPubSubs,,Just a teacher who loves Jesus and binge watching tv.,,,[],False,157,231,2,Tue May 08 21:44:58 +0000 2012,23919,,,True,False,5014,,False,False,False,C0DEED,http://abs.twimg.com/images/themes/theme1/bg.png,https://abs.twimg.com/images/themes/theme1/bg.png,False,http://pbs.twimg.com/profile_images/1560407118699794433/JkM10x4T_normal.jpg,https://pbs.twimg.com/profile_images/1560407118699794433/JkM10x4T_normal.jpg,https://pbs.twimg.com/profile_banners/574895385/1486394285,1DA1F2,C0DEED,DDEEF6,333333,True,True,True,False,False,False,False,none,[]
Sat May 13 22:15:17 +0000 2023,1657509847426904066,"Earn a $20.00 Sam's Club Egift card When You Sign up Using the Link in t...
https://t.co/NIWqOZokBk via @YouTube 

#SamsClub #Walmart #SamsClubMembership SamsClubDiscount #Shopping #Discount #ClubMembership",,en,recent,507865095,507865095,nerdom,hustlenomics916,"Space, CA","Entrepreneur x Affiliate Marketer

I tweet deals that may contain affiliate links. As an Amazon Associate, I earn from qualifying purchases.

Use the link below",https://t.co/ZG6Z8vDsmb,"[{'url': 'https://t.co/ZG6Z8vDsmb', 'expanded_url': 'https://amzn.to/3PWiEHB', 'display_url': 'amzn.to/3PWiEHB', 'indices': [0, 23]}]",[],False,476,299,29,Tue Feb 28 20:17:52 +0000 2012,361,,,True,False,110190,,False,False,False,C0DEED,http://abs.twimg.com/images/themes/theme1/bg.png,https://abs.twimg.com/images/themes/theme1/bg.png,False,http://pbs.twimg.com/profile_images/1141022401448173569/8vyFwDIG_normal.jpg,https://pbs.twimg.com/profile_images/1141022401448173569/8vyFwDIG_normal.jpg,https://pbs.twimg.com/profile_banners/507865095/1672025745,1DA1F2,C0DEED,DDEEF6,333333,True,True,True,False,False,False,False,none,[]
Sat May 13 22:11:54 +0000 2023,1657508998290059269,@shanas621 You're gonna need a Phillips Head jack for that.   btw...@SamsClub will repair it at no charge if you're a member.,shanas621,en,recent,872565505,872565505,Vincent Jim Fazzino,VJFazzino,Maine & NorCal,"Ecolab/39yrs; World traveler ; Tulane MBA ;  EM & Energy trader;  Nice guy from New Orleans. Knights of Columbus Grand Knight, Horse Racing, Saints, Maine",,,[],False,582,1311,2,Wed Oct 10 21:54:26 +0000 2012,6485,,,False,False,9742,,False,False,False,C0DEED,http://abs.twimg.com/images/themes/theme1/bg.png,https://abs.twimg.com/images/themes/theme1/bg.png,False,http://pbs.twimg.com/profile_images/1625343707280199684/X37GmWQ__normal.jpg,https://pbs.twimg.com/profile_images/1625343707280199684/X37GmWQ__normal.jpg,https://pbs.twimg.com/profile_banners/872565505/1676347002,1DA1F2,C0DEED,DDEEF6,333333,True,True,True,False,False,False,False,none,[]
Sat May 13 21:46:57 +0000 2023,1657502718766792704,@VIZIO @SamsClub That‚Äôs very great,VIZIO,en,recent,1305248120985530373,1305248120985530373,Friendly Mountain12,mtn12_,,@paramountwiki administrator account,https://t.co/TOeZBFrlIi,"[{'url': 'https://t.co/TOeZBFrlIi', 'expanded_url': 'https://community.fandom.com/wiki/User:Friendly_Mountain12', 'display_url': 'community.fandom.com/wiki/User:Frie‚Ä¶', 'indices': [0, 23]}]",[],False,40,66,0,Sun Sep 13 20:53:06 +0000 2020,520,,,False,False,8226,,False,False,False,F5F8FA,,,False,http://pbs.twimg.com/profile_images/1590449694995619841/GnLN8rOA_normal.jpg,https://pbs.twimg.com/profile_images/1590449694995619841/GnLN8rOA_normal.jpg,,1DA1F2,C0DEED,DDEEF6,333333,True,True,True,False,False,False,False,none,[]
Sat May 13 21:46:51 +0000 2023,1657502692397264900,@VIZIO @SamsClub This is so amazing,VIZIO,en,recent,2171003965,2171003965,jmk,jkline120,"Ohio, USA",,,,[],False,1746,3804,4,Sat Nov 02 21:55:59 +0000 2013,179845,,,True,False,129894,,False,False,False,C0DEED,http://abs.twimg.com/images/themes/theme1/bg.png,https://abs.twimg.com/images/themes/theme1/bg.png,True,http://pbs.twimg.com/profile_images/1162072402609745920/XY5TeRTg_normal.jpg,https://pbs.twimg.com/profile_images/1162072402609745920/XY5TeRTg_normal.jpg,,0084B4,FFFFFF,DDEEF6,333333,True,True,False,False,False,False,False,none,[]
Sat May 13 21:46:14 +0000 2023,1657502536104804352,"RT @peggy0242: Ha...we have 2 Sam's Clubs withing a 15 mile radius here, and now we'll have a Costco between them. Costco moving into Walma‚Ä¶",,en,recent,1361731843612106754,1361731843612106754,Onmytitswhaaaat?,onmytitswhaaaat,"Arkansas, USA",Ratchet side outlet. Pragmatist. High a lot so spelling sucks. 2 asshole pugs. No DMs unless we R cool. @onmytitswhaaaat on Post. üüßüü¶üíö‚ù§Ô∏èüíúüñ§ü§éüíôüß°üíõ,,,[],False,1405,3536,1,Tue Feb 16 17:39:19 +0000 2021,122862,,,False,False,50359,,False,False,False,F5F8FA,,,False,http://pbs.twimg.com/profile_images/1649538499404615681/mk1XNawX_normal.jpg,https://pbs.twimg.com/profile_images/1649538499404615681/mk1XNawX_normal.jpg,https://pbs.twimg.com/profile_banners/1361731843612106754/1682043902,1DA1F2,C0DEED,DDEEF6,333333,True,True,True,False,False,False,False,none,[]
Sat May 13 21:41:05 +0000 2023,1657501241654534146,"Need a last minute #MothersDay gift? üíê The VIZIO M-Series Sound Bar with Dolby Atmos is JUST $249 NOW at @SamsClub.

GET THIS DEAL HERE: https://t.co/PStca3jYlN https://t.co/R9cfYGQUhV",,en,recent,18970145,18970145,VIZIO,VIZIO,"Irvine, CA","VIZIO elevates your entertainment with smart TVs and award-winning sound bars. Show us how you share with #VIZIOgram. 

For Support: @VIZIOSupport",https://t.co/C3ghbt6fOC,"[{'url': 'https://t.co/C3ghbt6fOC', 'expanded_url': 'https://linktr.ee/vizio', 'display_url': 'linktr.ee/vizio', 'indices': [0, 23]}]",[],False,41449,332,444,Wed Jan 14 07:38:55 +0000 2009,4181,,,False,False,28810,,False,False,False,A4A4A4,http://abs.twimg.com/images/themes/theme1/bg.png,https://abs.twimg.com/images/themes/theme1/bg.png,False,http://pbs.twimg.com/profile_images/1374869472733884421/uBS0C4kB_normal.jpg,https://pbs.twimg.com/profile_images/1374869472733884421/uBS0C4kB_normal.jpg,https://pbs.twimg.com/profile_banners/18970145/1650393192,4DB5AB,000000,474647,8A8A8A,False,False,False,False,False,False,False,none,[]
Sat May 13 21:26:16 +0000 2023,1657497513044201472,"Frigo Cheese, Sam's Club - Hanover, Pennsylvania - Cheese taste chemically almost like moldy. Very hard to describe taste. Expires 30jun2354. Stomach is upset and vomiting... Read more at: https://t.co/8XW1eLkbPu 
 #frigocheese #samsclub #cheese https://t.co/GCYvIXLrFF",,en,recent,921197448885886977,921197448885886977,Iwaspoisoned.com,iwaspoisoned_,ig @/iwaspoisoned,Report food poisoning at https://t.co/uHLNOVKOTH + sign up for our free consumer food safety alerts for your city. The #1 consumer food safety platform in the world.,https://t.co/B8nseICiJg,"[{'url': 'https://t.co/B8nseICiJg', 'expanded_url': 'https://iwaspoisoned.com', 'display_url': 'iwaspoisoned.com', 'indices': [0, 23]}]","[{'url': 'https://t.co/uHLNOVKOTH', 'expanded_url': 'http://Iwaspoisoned.com', 'display_url': 'Iwaspoisoned.com', 'indices': [25, 48]}]",False,8654,1,7,Fri Oct 20 02:12:41 +0000 2017,242,,,True,False,104544,,False,False,False,000000,http://abs.twimg.com/images/themes/theme1/bg.png,https://abs.twimg.com/images/themes/theme1/bg.png,False,http://pbs.twimg.com/profile_images/1154121731994525698/tFAKclr2_normal.png,https://pbs.twimg.com/profile_images/1154121731994525698/tFAKclr2_normal.png,https://pbs.twimg.com/profile_banners/921197448885886977/1563999000,E81C4F,000000,000000,000000,False,True,False,False,False,False,False,none,[]
Sat May 13 21:16:34 +0000 2023,1657495071242027009,@thebigheadjas That's what we call productivity. üëè,thebigheadjas,en,recent,86089860,86089860,Sam‚Äôs Club,SamsClub,"Bentonville, Arkansas","We are a membership wholesale club, offering superior products and services at outstanding values to our members. Tweet @SamsClub.",https://t.co/aQyh1Kcaax,"[{'url': 'https://t.co/aQyh1Kcaax', 'expanded_url': 'http://www.samsclub.com', 'display_url': 'samsclub.com', 'indices': [0, 23]}]",[],False,146015,6,947,Thu Oct 29 15:16:41 +0000 2009,1548,,,True,False,98204,,False,False,False,FFFFFF,http://abs.twimg.com/images/themes/theme1/bg.png,https://abs.twimg.com/images/themes/theme1/bg.png,False,http://pbs.twimg.com/profile_images/1459948503740948481/yZCJCYS9_normal.jpg,https://pbs.twimg.com/profile_images/1459948503740948481/yZCJCYS9_normal.jpg,https://pbs.twimg.com/profile_banners/86089860/1683663647,0084B4,FFFFFF,DDEEF6,333333,False,False,False,False,False,False,False,none,[]
Sat May 13 20:55:36 +0000 2023,1657489795872964612,@SamsClub bring back the nashville locations,SamsClub,en,recent,1557267699159506944,1557267699159506944,Jason,jason23lake,"Nashville, TN",Lebron the üêê Becky Lynch üêê ü§∑üèæ‚Äç‚ôÇÔ∏èAcknowledge Meü©∏,,,[],False,1515,4876,12,Wed Aug 10 07:28:53 +0000 2022,16726,,,False,False,14892,,False,False,False,F5F8FA,,,False,http://pbs.twimg.com/profile_images/1590906392474488833/WosArmbN_normal.jpg,https://pbs.twimg.com/profile_images/1590906392474488833/WosArmbN_normal.jpg,https://pbs.twimg.com/profile_banners/1557267699159506944/1660116678,1DA1F2,C0DEED,DDEEF6,333333,True,True,True,False,False,False,False,none,[]
Sat May 13 20:16:24 +0000 2023,1657479928768778241,"Ha...we have 2 Sam's Clubs withing a 15 mile radius here, and now we'll have a Costco between them. Costco moving into Walmart/SamsClub home territory is kind of bold. https://t.co/walJpmMNzs",,en,recent,1302772059630710784,1302772059630710784,Peggy Spoutible.com/peggy0242,peggy0242,"MI by birth, AR by choice","Get off your butt and vote. 
#Hogs   #DetroitTigers    #RedWings",https://t.co/RFRLA8ktE8,"[{'url': 'https://t.co/RFRLA8ktE8', 'expanded_url': 'https://spoutible.com/peggy0242', 'display_url': 'spoutible.com/peggy0242', 'indices': [0, 23]}]",[],False,390,1285,0,Mon Sep 07 00:54:11 +0000 2020,68819,,,False,False,10260,,False,False,False,F5F8FA,,,False,http://pbs.twimg.com/profile_images/1588709289283166208/pnmTer_H_normal.jpg,https://pbs.twimg.com/profile_images/1588709289283166208/pnmTer_H_normal.jpg,https://pbs.twimg.com/profile_banners/1302772059630710784/1680635975,1DA1F2,C0DEED,DDEEF6,333333,True,False,True,False,False,False,False,none,[]
Sat May 13 20:13:52 +0000 2023,1657479292010258437,@SamsClub wtf I used my card once for gas and was charged the $175 hold twice yesterday and still haven‚Äôt received my money back for just 20 I actually put in the tank ü§¨ü§¨,SamsClub,en,recent,3248454524,3248454524,Roy Jones,RoyJones0220,"West Virginia, USA",Always Tired,,,[],False,32,1082,0,Thu Jun 18 06:11:22 +0000 2015,531,,,True,False,469,,False,False,False,C0DEED,http://abs.twimg.com/images/themes/theme1/bg.png,https://abs.twimg.com/images/themes/theme1/bg.png,False,http://pbs.twimg.com/profile_images/1648153972295778307/MycLWGDd_normal.jpg,https://pbs.twimg.com/profile_images/1648153972295778307/MycLWGDd_normal.jpg,https://pbs.twimg.com/profile_banners/3248454524/1657839139,1DA1F2,C0DEED,DDEEF6,333333,True,True,True,False,False,False,False,none,[]
Sat May 13 20:06:19 +0000 2023,1657477391483129862,@breezylashae That is a truth that can't be denied! üçï,breezylashae,en,recent,86089860,86089860,Sam‚Äôs Club,SamsClub,"Bentonville, Arkansas","We are a membership wholesale club, offering superior products and services at outstanding values to our members. Tweet @SamsClub.",https://t.co/aQyh1Kcaax,"[{'url': 'https://t.co/aQyh1Kcaax', 'expanded_url': 'http://www.samsclub.com', 'display_url': 'samsclub.com', 'indices': [0, 23]}]",[],False,146015,6,947,Thu Oct 29 15:16:41 +0000 2009,1548,,,True,False,98204,,False,False,False,FFFFFF,http://abs.twimg.com/images/themes/theme1/bg.png,https://abs.twimg.com/images/themes/theme1/bg.png,False,http://pbs.twimg.com/profile_images/1459948503740948481/yZCJCYS9_normal.jpg,https://pbs.twimg.com/profile_images/1459948503740948481/yZCJCYS9_normal.jpg,https://pbs.twimg.com/profile_banners/86089860/1683663647,0084B4,FFFFFF,DDEEF6,333333,False,False,False,False,False,False,False,none,[]
Sat May 13 19:00:13 +0000 2023,1657460757469057025,"@SamsClub your Calumet City, IL location needs another entry/exit created",SamsClub,en,recent,1198945374,1198945374,DrRob,RobLWattsJr,,Jesus Follower|Speaker|Minister|Husband|Father|Author of #MM40ET #BTBOTB #MM4ME|President s @ofmbi| https://t.co/EC26aoSasF |Speaker| drrlwjr@gmail.com,https://t.co/TPdav61cm6,"[{'url': 'https://t.co/TPdav61cm6', 'expanded_url': 'http://drrobempowerment.com', 'display_url': 'drrobempowerment.com', 'indices': [0, 23]}]","[{'url': 'https://t.co/EC26aoSasF', 'expanded_url': 'http://anchor.fm/dr-rob', 'display_url': 'anchor.fm/dr-rob', 'indices': [100, 123]}]",False,804,3760,7,Tue Feb 19 23:25:22 +0000 2013,17420,,,True,False,7524,,False,False,False,131516,http://abs.twimg.com/images/themes/theme14/bg.gif,https://abs.twimg.com/images/themes/theme14/bg.gif,True,http://pbs.twimg.com/profile_images/1455531992552980487/uT1A68RL_normal.jpg,https://pbs.twimg.com/profile_images/1455531992552980487/uT1A68RL_normal.jpg,https://pbs.twimg.com/profile_banners/1198945374/1562112272,FF691F,FFFFFF,EFEFEF,333333,True,False,False,False,False,False,False,none,[]
Sat May 13 18:49:51 +0000 2023,1657458148905549827,"Send some KELSO ü¶Ö LOVE üíõ üíô to all our CommUNITY partnerships that supported @KelsoHISD this week!!  ü¶Ö  Shout out to @ElSalvadorfoun2  (water), @ribsaus (BBQ),  @WraparoundService (food pantry), @SamsClub (gift card) @raisingcanes (Tea) ‚òï‚ÄºÔ∏è We greatly appreciate everything. https://t.co/BclRTuFPBA",,en,recent,922216008298979330,922216008298979330,Carmelita Calzada,Kelso_Wrap_life,,,,,[],False,89,121,0,Sun Oct 22 21:40:05 +0000 2017,598,,,False,False,321,,False,False,False,F5F8FA,,,False,http://pbs.twimg.com/profile_images/1353525037849075718/gq4O9FGH_normal.jpg,https://pbs.twimg.com/profile_images/1353525037849075718/gq4O9FGH_normal.jpg,,1DA1F2,C0DEED,DDEEF6,333333,True,True,True,False,False,False,False,none,[]
Sat May 13 18:43:06 +0000 2023,1657456451013713920,@SamsClub bring back that Nashville hot shrimp!!!!,SamsClub,en,recent,472530058,472530058,Mama Bear üß∏,_____LaMonae,,bitches is ass if we keeping it crack,,,[],False,1268,828,1,Tue Jan 24 01:40:23 +0000 2012,81649,,,True,False,104181,,False,False,False,AD1CAD,http://abs.twimg.com/images/themes/theme1/bg.png,https://abs.twimg.com/images/themes/theme1/bg.png,True,http://pbs.twimg.com/profile_images/1656911399954825217/PiofKlGS_normal.jpg,https://pbs.twimg.com/profile_images/1656911399954825217/PiofKlGS_normal.jpg,https://pbs.twimg.com/profile_banners/472530058/1680672226,D122D1,C0DEED,DDEEF6,333333,True,True,False,False,False,False,False,none,[]
