created_at,id,full_text,in_reply_to_screen_name,metadata_iso_language_code,metadata_result_type,user_id,user_id_str,user_name,user_screen_name,user_location,user_description,user_protected,user_followers_count,user_friends_count,user_listed_count,user_created_at,user_favourites_count,user_geo_enabled,user_verified,user_statuses_count,user_contributors_enabled,user_is_translator,user_is_translation_enabled,user_profile_background_tile,user_profile_use_background_image,user_has_extended_profile,user_default_profile,user_default_profile_image,user_following,user_follow_request_sent,user_notifications,user_translator_type,sentiment,sentiment_value,emotion,emotion_value
Mon May 15 18:21:47 +0000 2023,1658175862045302797,"KitchenAid Mixer Sale on @SamsClub | $90 Off Professional 5-Quart Plus Bowl-Lift Stand Mixer

https://t.co/Sdi5COBx7Q #sponsored",,en,recent,20445389,20445389,Hip2Save,Hip2Save,"Boise, Idaho","http://t.co/osSTNQ9DVi is a nationally recognized frugal living blog. Our mission is to inspire others to save w/ coupons, online bargains, and in-store deals.",0,31203,724,611,Mon Feb 09 16:19:49 +0000 2009,2222,0,0,251069,0,0,0,0,1,1,0,0,0,0,0,none,Positive,0.9,Joy,1.0
Mon May 15 17:04:13 +0000 2023,1658156342199332864,"Happy National Chocolate Chip Day! No denying that these tiny morsels of goodness bring so much joy and happiness to our taste buds! Indulge today and savor every moment! 

@Samsclub #CelebrateEverydayByKellieShai #NationalChocolateChipDay #SamsClubChocolateChipCookiePlatters https://t.co/GQr4MBKnXl",,en,recent,1629261957860556800,1629261957860556800,Celebrate EveryDay by Kellie ShÄi,KellieShai_,"Chicago, IL ","CELEBRATE EVERYDAY BY KELLIE SHAI LLC is a Lifestyle brand featuring food, wine, travel, home, beauty, and wellness topics.",0,0,1,0,Fri Feb 24 23:28:36 +0000 2023,0,0,0,6,0,0,0,0,1,1,1,0,0,0,0,none,Positive,1.0,Joy,1.0
Mon May 15 16:54:52 +0000 2023,1658153988703809536,This is heartbreaking that less than a year im reaching out to @SamsClub to ask what should I do and they pointing the finger at you guys. Can someone please help me!!! https://t.co/JvoESYj5cv,Roja1670,en,recent,1620973692812496896,1620973692812496896,La Sombra Negra,Roja1670,,,0,2,19,0,Thu Feb 02 02:33:50 +0000 2023,0,0,0,11,0,0,0,0,1,1,1,0,0,0,0,none,Negative,-1.0,Sadness,0.4
Mon May 15 16:54:24 +0000 2023,1658153870575521793,"@VIZIOsupport I bought a vizio tv from @SamsClub in August last year, I've only maybe watched this TV a total of 8 hours and I know this because my wife always ask me why I bought this TV if I don't watch it. I turned it on to watch a YouTube video and the TV is actively dying t",VIZIOsupport,en,recent,1620973692812496896,1620973692812496896,La Sombra Negra,Roja1670,,,0,2,19,0,Thu Feb 02 02:33:50 +0000 2023,0,0,0,11,0,0,0,0,1,1,1,0,0,0,0,none,Negative,-0.8,Sadness,0.4
Mon May 15 15:04:49 +0000 2023,1658126293597134850,Duo win with @SamsClub_Sam immmm backkkkk https://t.co/e6wL93l8pP,,en,recent,1149108562981019648,1149108562981019648,STUPIDATM,stupidatm,,"Heya! Welcome to my bio! I'm Chris! Love video games & football! Chill vibes, geeking out & being stupid w/friends! Let's get stoopid together! â¤ï¸@samsclub_sam",0,983,988,1,Thu Jul 11 00:10:05 +0000 2019,48862,1,0,36719,0,0,0,0,1,1,1,0,0,0,0,none,Positive,0.9,Joy,1.0
Mon May 15 14:56:52 +0000 2023,1658124293602000900,@Michael61257752 @KevinHart4real @SamsClub @Chase @DraftKings @fabletics_men @OldSpice @myharthouse @AudemarsPiguet @c4energy @SIRIUSXM @netflix @peacock Yes is true,Michael61257752,en,recent,1658110194096783360,1658110194096783360,Florence Johnson,florencej925,USA ğŸ‡ºğŸ‡¸ ,I man Florence 32 years old ...single and ready to mingle ğŸ¥°ğŸ˜†ğŸ˜†ğŸ˜†,0,1,9,0,Mon May 15 14:01:37 +0000 2023,36,0,0,1,0,0,0,0,1,1,1,0,0,0,0,none,Neutral,0.0,Neutral,0.6
Mon May 15 14:23:49 +0000 2023,1658115975869345796,"@SamsClub @Walmart 
Images of @SamsClubMexico in the city of #Culiacan they donâ€™t look ğŸ‘€ any good. Very bad image of branding. https://t.co/Nm09a2F4IV",SamsClub,en,recent,1493646391,1493646391,Mariano Gomez,mgomeza2,,"Empresario del sector de Alimentos, Consejero orgulloso Coparmex. Ex candidato a Gobernador por el Estado de Sinaloa.",0,667,475,7,Sat Jun 08 18:41:56 +0000 2013,1934,1,0,2791,0,0,0,0,1,1,1,0,0,0,0,none,Negative,-1.0,Disgust,0.0
Mon May 15 14:02:40 +0000 2023,1658110653641506824,"Show your style with ArtSkills Ultimate Jewelry Making Kit! Enjoy endless hours of fun creating unique jewelry pieces using a variety of beads and cute charms. Available now on https://t.co/Bx9HbPzZme.

Link purchase: https://t.co/ntJP7TFulw

#FunWithArtSkills #SamsClub https://t.co/Z2rt7jKmlG",,en,recent,51212088,51212088,ArtSkills,ArtSkills,"Bethlehem, PA","Bridging the gap between #art and #fun for everyone since 1987!ğŸ˜
Share your creations with us using #FunWithArtSkills #ArtSkills",0,1619,1850,30,Fri Jun 26 20:29:01 +0000 2009,650,0,0,2775,0,0,0,1,1,0,0,0,0,0,0,none,Positive,1.0,Joy,1.0
Mon May 15 13:16:40 +0000 2023,1658099076045365248,First game on win with @SamsClub_Sam she had 6 kills and I had 9 killsğŸ˜ https://t.co/Dqrixmdjna,,en,recent,1149108562981019648,1149108562981019648,STUPIDATM,stupidatm,,"Heya! Welcome to my bio! I'm Chris! Love video games & football! Chill vibes, geeking out & being stupid w/friends! Let's get stoopid together! â¤ï¸@samsclub_sam",0,983,988,1,Thu Jul 11 00:10:05 +0000 2019,48862,1,0,36719,0,0,0,0,1,1,1,0,0,0,0,none,Positive,0.9,Joy,1.0
Mon May 15 12:35:21 +0000 2023,1658088677522788356,Rakuten has this amazing deal right now. You can get Up to 8% Cash Back at Sam's Club when you shop with Rakuten today. Use my invite link to join and get a $30 bonus when you spend $30 at any store.* You can thank me later! https://t.co/AJiXTRIYau,,en,recent,163503598,163503598,T. J.C.,Poochnhouse, Tn.,I'M here to bore you with my daily adventures. I have Alpha-1 (google it). Follow me I follow back. American Conservative NO DM'S.,0,2363,2276,0,Tue Jul 06 15:50:28 +0000 2010,4558,0,0,3995,0,0,0,0,1,1,0,0,0,0,0,none,Positive,0.8,Joy,1.0
Mon May 15 12:35:21 +0000 2023,1658088676839104512,"@SamsClub is truly insufferable sometimes, my god. 

*tries to buy item, but needs to use phone to pay for it to get the sale price

*tries to shop at 8:30am before doctorâ€™s appt, needs to be â€œplus memberâ€ to shop before 10:00am",SamsClub,en,recent,473441300,473441300,Sentimental_Racoon,Mackenziedumas,,Amelia Bedelia but with a fraction of the charm,0,435,437,3,Wed Jan 25 00:06:58 +0000 2012,7832,1,0,8778,0,0,0,0,1,1,1,0,0,0,0,none,Negative,-0.7,Mistrust,0.2
Mon May 15 11:07:00 +0000 2023,1658066443747971072,"Sam's Club tests hamburger robot
#retail #walmart #samsclub #ai #tech #robot
https://t.co/Go07GbMH1Y",,en,recent,19728792,19728792,8th and Walton,8thandWalton,"Bentonville, Arkansas","A Bentonville, Arkansas based supplier education company focused solely on supporting Wal-Mart suppliers",0,2445,2170,55,Thu Jan 29 19:33:47 +0000 2009,24,1,0,12880,0,0,0,0,0,0,0,0,0,0,0,none,Neutral,0.0,Surprise,0.8
Mon May 15 10:07:37 +0000 2023,1658051501879619584,"@shannonsharpeee @SamsClub But my oldest said, "" You lucky little man, my dads wife,  my momma was a devout Caddy ( Catholic ), and she lived for forgiveness,"" so you get a pass.. but she took his gun..

But had this been today...Boyee, he'd be in the Afterlife! ğŸ¤£ğŸ¤£ğŸ¤£",Tartarus_63,en,recent,1611655006381379584,1611655006381379584,B.M.C.S. _ Ret...ğŸ‡¨ğŸ‡±ğŸ‡¦ğŸ‡¸ğŸ‡¼ğŸ‡¸ğŸ‡©ğŸ‡´,Tartarus_63,"Richmond, TX","@uscâœŒ @tamu dad-10x /
It is better to be hated & respected, then to be loved & hated on - Suffer Silently, Silently Suffer - 1 shot, 1 killğŸ«¡ğŸ”±ğŸ‡¨ğŸ‡±ğŸ‡¼ğŸ‡¸ğŸ‡¦ğŸ‡¸ğŸ‡ºğŸ‡¸",0,23,182,0,Sat Jan 07 09:25:02 +0000 2023,1117,0,0,2205,0,0,0,0,1,1,1,0,0,0,0,none,Positive,0.8,Joy,1.0
Mon May 15 10:04:36 +0000 2023,1658050743276847105,"@shannonsharpeee @SamsClub He thought he'd hit Jackpot except Me , all 3 girls who are @TxDPS @FBCSO and @JCSO_Texas ( She drove in for Aso le o Tina / mama's day ( She died last year breast cancer ğŸ€  July 9th, ) so we somber in nature, well all of us strapped ğŸ¤£ğŸ¤£ğŸ¤£ we drew down on him they ID they self.",Tartarus_63,en,recent,1611655006381379584,1611655006381379584,B.M.C.S. _ Ret...ğŸ‡¨ğŸ‡±ğŸ‡¦ğŸ‡¸ğŸ‡¼ğŸ‡¸ğŸ‡©ğŸ‡´,Tartarus_63,"Richmond, TX","@uscâœŒ @tamu dad-10x /
It is better to be hated & respected, then to be loved & hated on - Suffer Silently, Silently Suffer - 1 shot, 1 killğŸ«¡ğŸ”±ğŸ‡¨ğŸ‡±ğŸ‡¼ğŸ‡¸ğŸ‡¦ğŸ‡¸ğŸ‡ºğŸ‡¸",0,23,182,0,Sat Jan 07 09:25:02 +0000 2023,1117,0,0,2205,0,0,0,0,1,1,1,0,0,0,0,none,Neutral,0.0,Sadness,0.4
Mon May 15 10:03:23 +0000 2023,1658050433510940672,"RT @CardPurchaser: Sams Club still has Fanatics gift cards at $79.98 per $100 worth.

https://t.co/aTQ5RhjTDc",,en,recent,589931785,589931785,Coffee Card Guy,collec_sport,,"NY Giants,Eli Manning,Charles Way, Kerry Collins,Celebrity Autos/Relics, 95-99 inserts all sports and players! RODNEY HAMPTON SUPER COLLECTOR!",0,12617,3454,157,Fri May 25 11:55:23 +0000 2012,76605,0,0,212318,0,0,0,0,0,1,0,0,0,0,0,none,Positive,0.8,Surprise,0.8
Mon May 15 09:58:27 +0000 2023,1658049193192173569,"@shannonsharpeee That's Kwame..broke it down..and it's always these under 5ft rappers putting out ""Shoot this, that"" man put that ğŸ”« down put them hands up between yall... better yet get a book read. 

I had a youngster yesterday pull up on me, and 3 of my oldest girls...we at @SamsClub - I - 10",shannonsharpeee,en,recent,1611655006381379584,1611655006381379584,B.M.C.S. _ Ret...ğŸ‡¨ğŸ‡±ğŸ‡¦ğŸ‡¸ğŸ‡¼ğŸ‡¸ğŸ‡©ğŸ‡´,Tartarus_63,"Richmond, TX","@uscâœŒ @tamu dad-10x /
It is better to be hated & respected, then to be loved & hated on - Suffer Silently, Silently Suffer - 1 shot, 1 killğŸ«¡ğŸ”±ğŸ‡¨ğŸ‡±ğŸ‡¼ğŸ‡¸ğŸ‡¦ğŸ‡¸ğŸ‡ºğŸ‡¸",0,23,182,0,Sat Jan 07 09:25:02 +0000 2023,1117,0,0,2205,0,0,0,0,1,1,1,0,0,0,0,none,Neutral,0.0,Neutral,0.6
Mon May 15 03:29:40 +0000 2023,1657951351693885440,"Sams Club still has Fanatics gift cards at $79.98 per $100 worth.

https://t.co/aTQ5RhjTDc",,en,recent,1246147915715837952,1246147915715837952,Card Purchaser,CardPurchaser,USA,"Sports card collector w/ card talk, hobby news, release info, hobby help, restocks. RT & Likes not endorsements. https://t.co/YC9KvKAC7H Scroll my feed daily.",0,71886,15981,325,Fri Apr 03 18:49:58 +0000 2020,1736980,1,0,300652,0,0,0,0,1,1,1,0,0,0,0,none,Positive,0.8,Surprise,0.8
Mon May 15 03:18:46 +0000 2023,1657948611567820801,My Ex BFF swore they sold it in bulk at @SamsClub ğŸ˜…ğŸ˜‚ğŸ¤£â‰ï¸â€¼ï¸â‰ï¸â€¼ï¸ https://t.co/Aeda1obvCR,,en,recent,31468416,31468416,TRACY LEIGH POWERS ğŸ‘¸ğŸ¼ğŸ™ğŸ»ğŸ¦„ğŸ’–,TRACYSGOTPOWERS,"GV,Henderson,NV,USA",GOD 1st.Lost my FiancÃ© 7/12/2020 to a heart attack. Starting over at 50; join me on my journeyâ€¼ï¸,0,1124,561,97,Wed Apr 15 17:56:00 +0000 2009,12171,1,0,59879,0,0,0,1,1,1,0,0,0,0,0,none,Amused,0.6,Surprise,0.8
Mon May 15 03:16:23 +0000 2023,1657948011492970501,@colourmesadder My Ex BFF swore they sold it in bulk at @SamsClub ğŸ˜…ğŸ˜‚ğŸ¤£â‰ï¸â€¼ï¸â‰ï¸â€¼ï¸,colourmesadder,en,recent,31468416,31468416,TRACY LEIGH POWERS ğŸ‘¸ğŸ¼ğŸ™ğŸ»ğŸ¦„ğŸ’–,TRACYSGOTPOWERS,"GV,Henderson,NV,USA",GOD 1st.Lost my FiancÃ© 7/12/2020 to a heart attack. Starting over at 50; join me on my journeyâ€¼ï¸,0,1124,561,97,Wed Apr 15 17:56:00 +0000 2009,12171,1,0,59879,0,0,0,1,1,1,0,0,0,0,0,none,Amused,0.6,Surprise,0.8
Mon May 15 02:47:42 +0000 2023,1657940793607311361,SAMS CLUB? this is by far the most strange reply I've ever gotten but I'll take it https://t.co/QkO3BRD1dU,,en,recent,1317184675618516996,1317184675618516996,wilde/sammy ğŸ,lackadaisaI,,they/he 20 - commissions open!! - im gonna eat ur dice,0,137,245,5,Fri Oct 16 19:24:46 +0000 2020,26359,0,0,4029,0,0,0,0,1,1,1,0,0,0,0,none,Neutral,0.0,Surprise,0.8
Mon May 15 01:55:15 +0000 2023,1657927590399688705,"RT @bulkbuysplitter: Happy Mother's Day to all the incredible moms out there!

Your love and dedication are truly unmatched, and we are soâ€¦",,en,recent,23449262,23449262,Alan Patterson,Paatterson,"Washington, DC","Dad, Entrepreneur, Terp, ÎšÎ‘Î¨ & Co-Founder - Master of my Fate Captain of my Soul - RTs aren't endorsements",0,471,1628,27,Mon Mar 09 15:41:40 +0000 2009,20488,1,0,3776,0,0,0,0,1,0,0,0,0,0,0,none,Positive,1.0,Joy,1.0
Mon May 15 01:07:56 +0000 2023,1657915684238532609,"Hey @SamsClub It would be helpful if you'd allow adding items to an already-placed pick-up order like some other stores do. A couple times I've placed a 2nd order but they only come out with one, and I feel bad about them going back.",,en,recent,949876501398376448,949876501398376448,Nichole,Nichole_BOOHfan,"Indiana, USA","#MedicareForAll #NeitherPartyCaresAboutUs ; Jim Steinman and Bat Out of Hell The Musical ğŸ¦‡ğŸ¦‡ğŸ¦‡ğŸ”¥â¤ï¸, INFJ, cats ğŸ˜¸ğŸ±ğŸ˜º",0,2098,2878,6,Sun Jan 07 05:33:00 +0000 2018,178712,0,0,25661,0,0,0,0,0,1,0,0,0,0,0,none,Neutral,0.0,Neutral,0.6
Mon May 15 00:37:40 +0000 2023,1657908067009277952,@KevinHart4real @SamsClub @Chase @DraftKings @fabletics_men @OldSpice @myharthouse @AudemarsPiguet @c4energy @SIRIUSXM @netflix @peacock I like those beats for real,KevinHart4real,en,recent,1657366503157555201,1657366503157555201,Arthur Power,ArthurPower2023,,about a year ago I was gaining 440 lb  and now today 250 thank you Lord keep me strength,0,47,296,0,Sat May 13 12:46:22 +0000 2023,83,0,0,31,0,0,0,0,1,1,1,0,0,0,0,none,Positive,0.9,Joy,1.0
Mon May 15 00:15:12 +0000 2023,1657902414400290818,Need new company @SEC_Enforcement @SEC_Investor_Ed @CNBC mini Tacos 36 to box under $5.00 @kroger @Target shelf them by meatballs corndogs @WhiteHouseHPI @WhiteHouseGPC @WhiteHouseCEA can't find copy right office yet. @NSAGov @SamsClub https://t.co/bKfgM7Trif,,en,recent,1655700408268992512,1655700408268992512,Amylynn Volluz,AmyVolluz518513,,,0,0,218,0,Mon May 08 22:25:50 +0000 2023,61,0,0,123,0,0,0,0,1,1,1,0,0,0,0,none,Neutral,0.0,Neutral,0.6
Mon May 15 00:12:12 +0000 2023,1657901660625149954,"RT @FalconPassPTA: Thanks to the generous donations of our PTA, FPE families &amp; community partners, we celebrated our teachers &amp; staff withâ€¦",,en,recent,39191995,39191995,Jennifer Kiev,jaybk6145,"Pearland, TX",,0,31,72,1,Mon May 11 04:29:05 +0000 2009,84,1,0,2151,0,0,0,1,1,0,0,0,0,0,0,none,Positive,0.9,Joy,1.0
Mon May 15 00:10:08 +0000 2023,1657901138673270786,@WillMoclair .@SamsClub needs to sponsor this post ğŸ˜‚,WillMoclair,en,recent,859192652910166017,859192652910166017,Anna Darling,AnnaDarlingTV,"Fayetteville, AR","FOX24 Evening Anchor/Reporter at @KNWAFOX24 â€¢ @IUBloomington Alum â¤ï¸ Indiana Hoosier â€¢ Proud cat & plant mom, cycling & sushi enthusiast â€¢ Views are my own",0,5868,868,26,Mon May 01 23:47:46 +0000 2017,4363,1,0,3790,0,0,0,0,1,0,1,0,0,0,0,none,Positive,0.8,Joy,1.0
Sun May 14 23:52:21 +0000 2023,1657896664193966080,"@SamsClub I am 6 months pregnant and was craving a brownie sundae. I was look forward to the sundae very much, but I almost swallowed this plastic pouch part that was in my sundae ğŸ˜©ğŸ˜³ https://t.co/yeUUmOUPT6",SamsClub,en,recent,147606815,147606815,Jen Tweets,JsendsTweets,,,0,245,247,4,Mon May 24 15:35:46 +0000 2010,6,0,0,793,0,0,0,0,1,1,0,0,0,0,0,none,Negative,-0.8,Disgust,0.0
Sun May 14 23:07:22 +0000 2023,1657885342530256896,@crayforddl @SamsClub They are terrible at rotating merchandise. Had store #8138 tell me last week they would not pull down new salad mix until the stuff that expired the next day was gone.  Who wants to by produce right before it expires.,crayforddl,en,recent,52599323,52599323,Yosarian,nilolan,nowhere,just a man,0,62,329,0,Wed Jul 01 02:05:03 +0000 2009,4246,0,0,2719,0,0,0,1,1,1,0,0,0,0,0,none,Negative,-0.8,Mistrust,0.2
Sun May 14 22:36:10 +0000 2023,1657877493108572161,@SamsClub_Sam @stupidatm W finish!!,SamsClub_Sam,en,recent,1021452809915502593,1021452809915502593,Gamey McGameface,mcgameface,somewhere over a rainbow,"Just a dude who loves video games!
ğŸ“¹ Editor/GFX Design/Musician ğŸµ
Member of @HijinxTeam  
https://t.co/tSaOS6Fw4râ€¦
EpicCreator code: GAMEY-MCG",0,1707,452,2,Mon Jul 23 17:51:42 +0000 2018,52017,0,0,21873,0,0,0,0,1,1,1,0,0,0,0,none,Positive,0.7,Joy,1.0
Sun May 14 22:15:21 +0000 2023,1657872253382524929,"Earn a $20.00 Sam's Club Egift card When You Sign up Using the Link in t...
https://t.co/NIWqOZokBk via @YouTube 

#SamsClub #Walmart #SamsClubMembership SamsClubDiscount #Shopping #Discount #ClubMembership",,en,recent,507865095,507865095,nerdom,hustlenomics916,"Space, CA","Entrepreneur x Affiliate Marketer

I tweet deals that may contain affiliate links. As an Amazon Associate, I earn from qualifying purchases.

Use the link below",0,476,299,29,Tue Feb 28 20:17:52 +0000 2012,361,1,0,110190,0,0,0,0,1,1,1,0,0,0,0,none,Positive,0.9,Joy,1.0
Sun May 14 22:03:41 +0000 2023,1657869315209560073,"@SamsClub Why won't Sam's Club install the tires I want on my car?

Exact size as original tires yet Sam's is saying I need tires rated to 149 mph instead of the ones I want and same type that have been on the car for years rated to 118 mph.

I can barely get the car to do 70!!",SamsClub,en,recent,4247299639,4247299639,Daniel Savage,TheLastSavage1,,I come in search of truth and some pointy boots and maybe a few snack crackers.,0,452,162,3,Sun Nov 15 16:13:53 +0000 2015,73043,1,0,24580,0,0,0,0,1,0,1,0,0,0,0,none,Negative,-0.8,Mistrust,0.2
Sun May 14 20:30:15 +0000 2023,1657845803602309120,"@SamsClub south Saunders street, Raleigh needs a new management team asap.  Packed store and two lanes open with employees.  Store dirty and not well-signed to top it off.  Never seen it this bad.  Truly sad from how this store first started.",SamsClub,en,recent,57225037,57225037,Kevin,kjkiernan,,,0,4,19,0,Thu Jul 16 03:08:08 +0000 2009,19,0,0,22,0,0,0,0,1,0,1,1,0,0,0,none,Negative,-1.0,Sadness,0.4
Sun May 14 19:30:54 +0000 2023,1657830869669740547,"RT @bulkbuysplitter: Happy Mother's Day to all the incredible moms out there!

Your love and dedication are truly unmatched, and we are soâ€¦",,en,recent,1195763290040946689,1195763290040946689,Mrs A,busiayoo,In Christ,Jesus â€¢ Marketing â€¢ Storytelling | ğŸ’ @JustOluwafemi | Join my newsletter community ğŸ‘‡,0,1216,722,3,Sat Nov 16 17:59:41 +0000 2019,16991,0,0,9166,0,0,0,0,1,1,1,0,0,0,0,none,Positive,1.0,Joy,1.0
Sun May 14 19:18:33 +0000 2023,1657827759832309762,@dorisberriz @Walmart @WinnDixie @Publix @Target @AldiUSA @cvspharmacy @Walgreens @Costco @SamsClub @TraderJoesList Read the box MASKS DONT WORK. But please keep wearing them. The â€œmade in Chinaâ€ helps Bidenâ€™s  buddy out. ğŸ¤¡,dorisberriz,en,recent,1590113647942160385,1590113647942160385,PegLegFlamingo(aka Gloria),PegLegFlamingo,United States ,God Fearing American. Protect our Kids The Constitution is not just Paper ğŸ‡ºğŸ‡¸ Make America Great Again DeplorableğŸ‡ºğŸ‡¸2A (GloriaakaNana71)was my first account,0,1521,2024,1,Tue Nov 08 22:47:26 +0000 2022,8968,0,0,15031,0,0,0,0,1,1,1,0,0,0,0,none,Negative,-1.0,Mistrust,0.2
Sun May 14 19:12:00 +0000 2023,1657826109709230082,@SamsClub Columbus IN club is ridiculous. Line to get out after checking myself out was almost to the food court. I left my items unpaid and will buy them at Kroger or Target.,SamsClub,en,recent,2148127302,2148127302,Donmichael Thompson,RealDonmichael,"Columbus, IN","Teacher at BCSC in Columbus, IN",0,185,241,1,Tue Oct 22 01:36:12 +0000 2013,992,0,0,828,0,0,0,0,1,0,1,0,0,0,0,none,Negative,-0.8,Mistrust,0.2
Sun May 14 18:56:08 +0000 2023,1657822117939884034,"@TexasGans @SamsClub Gas Loop - STOP PAYING FULL PRICE FOR GAS - Basically free $30-40

This loop will get you $1.55-$2 off each gallon of gas:
(If you fill up 20 gallons, you just saved over $30+)
https://t.co/P0QfAHsosh",TexasGans,en,recent,1651633074222899206,1651633074222899206,clay davis,claydavis118,,,0,0,2,0,Thu Apr 27 17:03:11 +0000 2023,0,0,0,406,0,0,0,0,1,1,1,0,0,0,0,none,Positive,0.9,Joy,1.0
Sun May 14 18:44:31 +0000 2023,1657819193792708611,"Well said, Samâ€™s Club. https://t.co/kCFy3jgCSt",,en,recent,1056743533,1056743533,Ross Miller,millerrossb,"Denver, CO",Cursed Nebraska fan and alum. Denver!!,0,957,479,9,Thu Jan 03 03:09:55 +0000 2013,40892,1,0,8951,0,0,0,0,0,1,0,0,0,0,0,none,Positive,1.0,Joy,1.0
Sun May 14 18:36:28 +0000 2023,1657817171014082560,"@SamsClub So I have a problem my wife and I purchased a vizio tv I believe in June, since having this TV we have barely used it, since last June it says the TV up time is 3 days a few hours and minutes as you can see in the picture. I turned the TV on and now it flickers like",SamsClub,en,recent,1620973692812496896,1620973692812496896,La Sombra Negra,Roja1670,,,0,2,19,0,Thu Feb 02 02:33:50 +0000 2023,0,0,0,11,0,0,0,0,1,1,1,0,0,0,0,none,Negative,-0.8,Mistrust,0.2
Sun May 14 18:00:46 +0000 2023,1657808186357760002,@SamsClub_Sam @stupidatm Well done ggsğŸ‘ğŸ‘,SamsClub_Sam,en,recent,1484439628610420740,1484439628610420740,rainbow heron2023,kerridge978,inside herald tree,Like games outdoor walks and tech I'm also on twitch at rainbowheron2022,0,190,657,0,Fri Jan 21 08:16:25 +0000 2022,4077,0,0,11565,0,0,0,0,1,1,1,0,0,0,0,none,Positive,0.8,Joy,1.0
Sun May 14 17:29:06 +0000 2023,1657800214021828610,@SamsClub_Sam You did amazingly,SamsClub_Sam,en,recent,1149108562981019648,1149108562981019648,STUPIDATM,stupidatm,,"Heya! Welcome to my bio! I'm Chris! Love video games & football! Chill vibes, geeking out & being stupid w/friends! Let's get stoopid together! â¤ï¸@samsclub_sam",0,983,988,1,Thu Jul 11 00:10:05 +0000 2019,48862,1,0,36719,0,0,0,0,1,1,1,0,0,0,0,none,Positive,1.0,Joy,1.0
Sun May 14 17:24:55 +0000 2023,1657799163319386113,"When I say I am going to the club, I mean @SamsClub ğŸ•º The skim milk ğŸ¥› prices are very reasonable. #dadlife #sundayfunday",,en,recent,1098461088222531584,1098461088222531584,Matt Donahue,donahuegroup,"Hattiesburg, MS","The Donahue Group operates a molecular foundry constructing nitrogen heterocycles.âš’ï¸ğŸ’ŠğŸ§ªpiperidines, pyrroles and pyrazines, oh my!",0,200,127,0,Thu Feb 21 05:55:06 +0000 2019,150,1,0,688,0,0,0,0,0,1,0,0,0,0,0,none,Positive,0.8,Joy,1.0
Sun May 14 16:59:05 +0000 2023,1657792659799306240,"I'm at @SamsClub Fuel Center in Fountain Valley, CA https://t.co/dlRTJIImxV",,en,recent,95623186,95623186,Barisan the Younger,Kalbozey,Southern California,"Family, Travels, Consumer Issues & Progressive Causes
Thomas Merton, Dorothy Day & Leonardo Boff Catholic",0,444,848,18,Wed Dec 09 11:00:43 +0000 2009,17895,1,0,13067,0,0,0,0,1,0,0,0,0,0,0,none,Neutral,0.0,Neutral,0.6
Sun May 14 16:56:35 +0000 2023,1657792031052255236,"Happy Mother's Day to all the incredible moms out there!

Your love and dedication are truly unmatched, and we are so grateful for everything you do. Today, and every day, we celebrate you! ğŸ’ğŸ‘©â€ğŸ‘§â€ğŸ‘¦

 #BBSwholesale #BBS #Convenient #BBSsmartsaver #costcodeals #samsclub #samsclubdeals https://t.co/rVgDxLhTeY",,en,recent,1636413859211755523,1636413859211755523,BulkBuySplitter,bulkbuysplitter,,"Bulk Buy Splitter allows you to create your own supply chain with friends and businesses for a small fee every month!
Download the mobile app and sign up today!",0,8,1,0,Thu Mar 16 17:07:38 +0000 2023,1,0,0,19,0,0,0,0,1,1,1,0,0,0,0,none,Positive,1.0,Joy,1.0
Sun May 14 15:42:54 +0000 2023,1657773491360235521,"Happy Motherâ€™s Dayâ€¦ Muah!ğŸ’‹ #mothersday

#numberoneinthecountry #365pie #joyebells #desserts  #pie #joyebellspeachpies  #joyebellssweetpotatopies  #samsclub #foodlion #qvc #sweetpotatopie #peachpie #familyreunion #cookout #summer #southern #backwoods #country #deliciousness https://t.co/Rl9pMWKBBv",,en,recent,1151862223578513409,1151862223578513409,JOYEBELLS,_joyebells,"Virginia, USA","JOYEBELLS is home to that mouthwatering, southern, backwoods, country deliciousness! 6 Generations of Baking Excellence.",0,59,17,0,Thu Jul 18 14:32:09 +0000 2019,628,0,0,529,0,0,0,0,1,0,1,0,0,0,0,none,Positive,1.0,Joy,1.0
Sun May 14 15:41:24 +0000 2023,1657773112006434816,i love buying stuff at @SamsClub for full price only to realize it's expired when i  get home. wtf,,en,recent,422176338,422176338,taylor,crayforddl,"Chicago, IL",weird old stan account that i use to rant lol,0,2676,1437,13,Sat Nov 26 22:38:53 +0000 2011,47830,0,0,25391,0,0,0,1,1,1,0,0,0,0,0,none,Negative,-0.6,Mistrust,0.2
Sun May 14 13:43:30 +0000 2023,1657743442204676096,@SamsClub Purchased Thursday. 7day policy please. @samsclubhelp https://t.co/RGKm6DTwgj,SamsClub,en,recent,158183627,158183627,ãšã‹ã—â™¡æ‰‹ä½œã‚Šãƒ„ã‚¤ãƒ¼ãƒˆ,ZukashiT,çš‡å ¡å¸å›½,ãƒ¯ãƒ³ãƒ©ãƒ³ã‚¯ä¸Šã®é€ãé€šã£ãŸæ¸…ã€…ã—ã„å¤‰æ…‹ã€‚ä¸‰åº¦ã®é£¯ã‚ˆã‚Šé£Ÿã¹ã‚‹ã®ãŒå¥½ãã€‚ç‰¹æŠ€ã¯è‡ªç”»è‡ªè³›ã€‚äºŒåæ­³ã‹ã‚‰å¤–è³‡ã€GAFAå…¨ã¦çµŒé¨“æ¸ˆã¿ã®è‹±æ¤œï¼“ç´šï¼ˆç”·æ€§çµŒé¨“ç„¡ã—ï¼‰ã€‚2013å¹´ãƒ‹ãƒ¥ãƒ¨ãƒ¼ã‚¯ã®ç²¾ç¥ç—…é™¢ã‚’è„±å‡ºã€‚ä»Šã¯ãŠãƒ­ã§ã™ã‚‹ä»•äº‹ã¨èª­ãƒ¢ï¼ˆB:102 W:79 H:95ï¼‰ã€‚ç±³å›½ãƒ”ã‚¶å–å¾—æ¸ˆã€äºŒãƒ¶æœˆãƒ•ã‚©ãƒ­ãƒ¼ç„¡æ–™ï¼ˆä¼šå“¡åˆ¶ï¼‰ã€‚,0,14153,2967,167,Tue Jun 22 00:47:09 +0000 2010,225397,1,0,370291,0,0,0,1,1,1,0,0,0,0,0,regular,Neutral,0.0,Neutral,0.6
Sun May 14 13:39:47 +0000 2023,1657742507357208578,"@philthatremains @SamsClub Easily done, cut me the check.",philthatremains,en,recent,843515928,843515928,Sir Charles the Stalwart,Cwindstar,Right Behind You,"Many hobbies. Not PG or PC. Polyamorous.
ğŸ” Dibellan Paladin. Expert RPer.
Fluent in Meme, GIF, Naps and Snaxs.
Quite the character, normal people stay away ğŸ˜‚",0,818,3000,20,Mon Sep 24 12:42:15 +0000 2012,48496,0,0,52392,0,0,0,1,1,1,0,0,0,0,0,none,Positive,0.8,Surprise,0.8
Sun May 14 12:30:58 +0000 2023,1657725187767390213,@ablakeallen @SamsClub Now Iâ€™m going to have to go buy some. I pass up a good salsa!!,ablakeallen,en,recent,1398685423057223685,1398685423057223685,Julie Grohman,grohman_julie,,,0,54,203,0,Sat May 29 16:59:41 +0000 2021,2509,0,0,87,0,0,0,0,1,1,1,1,0,0,0,none,Positive,0.8,Joy,1.0
Sun May 14 12:24:36 +0000 2023,1657723583982891009,@I_Luv_Thinkers @dymiette @SamsClub Hello there! We completely understand your concern and are requesting you send us a direct message with your membership number and contact information so we can look into this for you. Thank you for being a Loyal BJ's Wholesale Club Member.,I_Luv_Thinkers,en,recent,84184644,84184644,BJ's Wholesale,BJsWholesale,"Westborough, MA",Tag us at #BJsSmartSaver for a chance to be featured.,0,22770,3422,315,Wed Oct 21 22:59:59 +0000 2009,3510,1,0,19704,0,0,0,0,0,0,0,0,0,0,0,none,Neutral,0.0,Neutral,0.6
Sun May 14 08:07:20 +0000 2023,1657658840563810304,"@PressSec @WhiteHouseGPC @WhiteHouseHPI I own @SamsClub @Walmart @DollarTree we can run Billion or trillion food EBT system. Tax dollars red cross. 50 States 1 @uscensusbureau I get 2,880 for just myself not kids. Senior @StateDept what better fuel deal can we get @IRSnews @CNBC https://t.co/kJMupfFX6b",PressSec,en,recent,1655700408268992512,1655700408268992512,Amylynn Volluz,AmyVolluz518513,,,0,0,218,0,Mon May 08 22:25:50 +0000 2023,61,0,0,123,0,0,0,0,1,1,1,0,0,0,0,none,Neutral,0.0,Neutral,0.6
Sun May 14 07:45:08 +0000 2023,1657653255223083009,I don't want them in Court public opinions to say we allowed those from other countries to gain more from @StateDept food stamps EBT medical insurance program started before 1980.   When I was born. @SamsClub @Walmart @PressSec we don't want 50 trillion 1 trillion each state 10yr https://t.co/Gjt9WhHnBx,,en,recent,1655700408268992512,1655700408268992512,Amylynn Volluz,AmyVolluz518513,,,0,0,218,0,Mon May 08 22:25:50 +0000 2023,61,0,0,123,0,0,0,0,1,1,1,0,0,0,0,none,Negative,-1.0,Mistrust,0.2
Sun May 14 07:03:30 +0000 2023,1657642777595838467,It's has to be cheaper more cost effective to build a new community in Mexico then allowed me @SamsClub @Walmart @DollarTree to ask run up food stamps EBT money that hasn't saved American person 10yrs. Like state budget. @PressSec @KMOV @StateDept @ksdknews @WhiteHouseOPE46 https://t.co/qL0brK5t8a,,en,recent,1655700408268992512,1655700408268992512,Amylynn Volluz,AmyVolluz518513,,,0,0,218,0,Mon May 08 22:25:50 +0000 2023,61,0,0,123,0,0,0,0,1,1,1,0,0,0,0,none,Negative,-1.0,Mistrust,0.2
Sun May 14 06:48:38 +0000 2023,1657639037769793537,Like I said I'm @SamsClub I'm @WalmartInc at bar I would love to get Mexico town to help stop EBT food rip out for Texas sold hot vapor fuel Building a town Vatican church Dali lam owns Then cash in any more EBT food stamps Money 4 fuel Church housing food work store @DollarTree,,en,recent,1655700408268992512,1655700408268992512,Amylynn Volluz,AmyVolluz518513,,,0,0,218,0,Mon May 08 22:25:50 +0000 2023,61,0,0,123,0,0,0,0,1,1,1,0,0,0,0,none,Neutral,0.0,Neutral,0.6
Sun May 14 03:11:40 +0000 2023,1657584436085686272,@MTumarkin @OfficialOPLive @SamsClub @RobertIrvine Oh the PB&amp;J is so good!,MTumarkin,en,recent,771032854113361920,771032854113361920,Vivacious ValkyrieğŸ‡ºğŸ‡¸ğŸ‡ºğŸ‡¸,LilMinxx2u,United States,"All American USAF Veteran ğŸ‡ºğŸ‡¸ğŸ‡ºğŸ‡¸, Pro Law Enforcement have much love for all our first responders. ğŸš”ğŸš’ğŸš‘ğŸš“ MAGA, America FIRST!! Proud Pyrenees mama! ğŸ¶ğŸ¾",0,4178,5004,2,Wed Aug 31 17:12:12 +0000 2016,346793,0,0,15348,0,0,0,0,1,0,1,0,0,0,0,none,Positive,0.9,Joy,1.0
Sun May 14 03:11:07 +0000 2023,1657584294964125696,RT @MTumarkin: #oplive #OPLive #OPnation #OnPatrolLive #onpatrolnation. Great to see the #fitcrunch ads during the show.  @SamsClub had theâ€¦,,en,recent,1534682734710366210,1534682734710366210,On Patrol: Live,OfficialOPLive,,"Official Account of #OnPatrolLive. Every Friday & Saturday at 9e|6p, only on @ReelzChannel. Follow our hosts: @danabrams @CurtisWilson275 @Sean_C_Larkin",0,92374,403,139,Wed Jun 08 23:44:24 +0000 2022,15759,0,0,8957,0,0,0,0,1,1,1,0,0,0,0,none,Positive,0.8,Joy,1.0
Sun May 14 02:43:59 +0000 2023,1657577467480031233,"@yappydagger @chocolateSTL @IamKarenBoBaran @2MenSalsa @InstantPot @ParnellChef @KikkomanKitchen @BobsRedMill @bigelowtea @MapleLeafFarms @AVestige1 @marketwagon @NinjaKitchen @stubbsbbqsauce @CutwaterSpirits @DukesMayonnaise @TheBlockWebster @Costco @RollingLawnsIL @AmericanPieCo @UPS @Oberweis @toadspigs @PastureRanger @CiderboysCider @guinness @FreshThymeFM @rootsrundeepnv @FaziosFoods @OreIdaPotatoes @SpottedCow_Wisc @TABASCO @CompanionBaker @cupofpipers @CedarsFoods @Kaldis_Coffee @StChasCC @KillerBread @Chef_Kara @Target @LAFC @OakBeveragesInc @MaullsBBQ @BreveCoffees @sbrbbq @asturifoods @SamsClub @opencup @brfootball @CahokiaR 2/ Rosemary, Bay Leaves, Black Peppercorn, and Sea Salt,), cornstarch.",robert_weiter,en,recent,872024441433337856,872024441433337856,Robert Weiter,robert_weiter,United States ,"Retired pastor, broadcaster, social worker currently freelance journalist and analyst. Retweets do not imply endorsement.

Articles: https://t.co/zx3G1SGDoT",0,571,2280,0,Tue Jun 06 09:36:43 +0000 2017,13494,1,0,24337,0,0,0,0,1,1,1,0,0,0,0,none,Neutral,0.0,Neutral,0.6
Sun May 14 02:41:21 +0000 2023,1657576805274984448,#BREAKING: Walmart is adding EV chargers to hundreds of its stores https://t.co/Ezn8GIDTzT #Walmart #SamsClub,,en,recent,1567018757423259649,1567018757423259649,Curt 'Rockin Curt',CurtRockin,"United States, Illinois",'Music Is The Strongest Form Of Magic' // I Tweet About What's Happening In The World!,0,27,224,0,Tue Sep 06 05:16:23 +0000 2022,2251,0,0,1514,0,0,0,0,1,1,1,0,0,0,0,none,Positive,0.9,Surprise,0.8
Sun May 14 02:40:28 +0000 2023,1657576581865394176,#oplive #OPLive #OPnation #OnPatrolLive #onpatrolnation. Great to see the #fitcrunch ads during the show.  @SamsClub had the chocolate mint/PB&amp;J boxes last weekend.... two of my favorites! @RobertIrvine,,en,recent,2840855063,2840855063,M Tumarkin,MTumarkin,Northeast Ohio,"Geeky lover of animals, music, OnPatrolLive, nature and the USA! Wish I had been a meteorologist!",0,2807,2463,7,Wed Oct 22 02:52:07 +0000 2014,241292,0,0,62271,0,0,0,0,0,1,0,0,0,0,0,none,Positive,0.9,Joy,1.0
Sun May 14 02:28:01 +0000 2023,1657573448573485056,"@yappydagger @chocolateSTL @IamKarenBoBaran @2MenSalsa @InstantPot @ParnellChef @KikkomanKitchen @BobsRedMill @bigelowtea @MapleLeafFarms @AVestige1 @marketwagon @NinjaKitchen @stubbsbbqsauce @CutwaterSpirits @DukesMayonnaise @TheBlockWebster @Costco @RollingLawnsIL @AmericanPieCo @UPS @Oberweis @toadspigs @PastureRanger @CiderboysCider @guinness @FreshThymeFM @rootsrundeepnv @FaziosFoods @OreIdaPotatoes @SpottedCow_Wisc @TABASCO @CompanionBaker @cupofpipers @CedarsFoods @Kaldis_Coffee @StChasCC @KillerBread @Chef_Kara @Target @LAFC @OakBeveragesInc @MaullsBBQ @BreveCoffees @sbrbbq @asturifoods @SamsClub @opencup @brfootball @CahokiaR #Dinner: #American Mutton Stew.   Yukon Gold potatoes, carrots, yellow onion, leeks, wild foraged ramps, green beans, peas, celery, garlic, sea salt, pepper, spices, lamb bone broth (Lamb Bones, Apple Cider Vinegar, Water, Onion, Celery, Carrots, Garlic, Thyme, Parsley,   /2 https://t.co/5SG97poD0z",yappydagger,en,recent,872024441433337856,872024441433337856,Robert Weiter,robert_weiter,United States ,"Retired pastor, broadcaster, social worker currently freelance journalist and analyst. Retweets do not imply endorsement.

Articles: https://t.co/zx3G1SGDoT",0,571,2280,0,Tue Jun 06 09:36:43 +0000 2017,13494,1,0,24337,0,0,0,0,1,1,1,0,0,0,0,none,Positive,0.9,Joy,1.0
Sun May 14 02:03:53 +0000 2023,1657567376806748162,"Dear @SamsClub ,

The Members Mark Cantina Salsa is the best salsa. Please take the â€œLimited Editionâ€ tag off and release this year round. 

Thanks! https://t.co/H8ZnmzaRG0",,en,recent,298091618,298091618,Blake Allen,ablakeallen,The Lone Star State,Head Boyâ€™s Basketball & CC @ Jim Ned High School.,0,569,676,4,Fri May 13 17:02:05 +0000 2011,2230,1,0,6901,0,0,0,0,1,1,0,0,0,0,0,none,Positive,0.8,Joy,1.0
Sun May 14 01:46:41 +0000 2023,1657563050365558787,@VIZIO @SamsClub My flat screen stopped working a year after I got it. Maybe not even a year. Very disappointed.,VIZIO,en,recent,82448661,82448661,C. A. Smith ğŸ¥ğŸ‘»ğŸ“¼ ğŸ¿,_CineSmith_,Horrorwood,Horror Auteur. Take care & stay scared. Watch Rorschach: https://t.co/q57mR1VJOE,0,9789,10810,89,Wed Oct 14 20:23:03 +0000 2009,84826,1,0,33329,0,0,0,0,1,1,0,0,0,0,0,none,Negative,-0.8,Sadness,0.4
Sun May 14 01:45:02 +0000 2023,1657562631509516288,"@Barnacules The dual hose units may not be as efficient as the window units for sure, but for us it worked wonders! Especially since we couldnâ€™t go with windows units. Hereâ€™s that sams club variant https://t.co/0JYoI9K1Pa

Window units are king for sure though, but they do take some work lol",Blaze2KX,en,recent,979831748400951299,979831748400951299,Blaze2K,Blaze2KX,Somewhere,"Iâ€™m a YouTuber who covers Tech, Gaming Handhelds - 34k subs on YouTube - Email: blaze2kyt@gmail.com - Brand MediaKit: https://t.co/m0aOLPC06k",0,4881,160,19,Fri Mar 30 21:24:28 +0000 2018,1992,0,0,3124,0,0,0,0,0,1,0,0,0,0,0,none,Positive,0.8,Joy,1.0
Sun May 14 01:40:43 +0000 2023,1657561547739131906,"@SAMSclub__ could be! some kind of terrier at least, and maybe a fucked up third thing. who knows!!",SAMSclub__,en,recent,346391622,346391622,jamison?,scurviex,"Pennsylvania, USA",ğŸ³ï¸â€âš§ï¸ / he/him | 18+ | ACAB. | i hyperfixate and i complain about things. i may be stupid,0,298,1163,2,Mon Aug 01 05:40:51 +0000 2011,160495,0,0,30041,0,0,0,0,1,1,0,0,0,0,0,none,Neutral,0.0,Neutral,0.6
Sun May 14 00:18:03 +0000 2023,1657540742045134848,@dymiette Back to @SamsClub we're going! I STILL haven't heard a word from @BJsWholesale! I started this process May 1st!,dymiette,en,recent,43474982,43474982,ğŸ‘‘ The Baby That Paid Extra ğŸ‘‘,I_Luv_Thinkers,East Coast,She/Her #AffordableHousingCannabisDisabilityAdvocate #DETROIT Born&Raised! #Fibromyalgia #LupusMom #AutismGranny & multi-tasking genius that needs a good nap.,0,2200,2337,86,Sat May 30 03:48:53 +0000 2009,28758,1,0,149028,0,0,0,1,1,1,0,0,0,0,0,none,Negative,-0.8,Mistrust,0.2
Sun May 14 00:07:30 +0000 2023,1657538089709862912,The vanilla frozen yogurt and berries is so fricken good at @SamsClub !!! Never get rid of it!,,en,recent,917725903987314689,917725903987314689,âœ¨ğŸŒ¸âœ¨ğŸ’—âœ¨ğŸ’œâœ¨ğŸŒ¸,MrsSheGottaVent,,,0,1,255,0,Tue Oct 10 12:18:00 +0000 2017,4941,1,0,4536,0,0,0,0,1,0,1,0,0,0,0,none,Positive,0.9,Joy,1.0
Sat May 13 23:44:36 +0000 2023,1657532326723702793,@SamsClub  @Walmart Please start taking Apple Pay. Thanks.,SamsClub,en,recent,574895385,574895385,Alexis,IWantPubSubs,,Just a teacher who loves Jesus and binge watching tv.,0,157,231,2,Tue May 08 21:44:58 +0000 2012,23919,1,0,5014,0,0,0,0,1,1,1,0,0,0,0,none,Neutral,0.0,Neutral,0.6
Sat May 13 22:15:17 +0000 2023,1657509847426904066,"Earn a $20.00 Sam's Club Egift card When You Sign up Using the Link in t...
https://t.co/NIWqOZokBk via @YouTube 

#SamsClub #Walmart #SamsClubMembership SamsClubDiscount #Shopping #Discount #ClubMembership",,en,recent,507865095,507865095,nerdom,hustlenomics916,"Space, CA","Entrepreneur x Affiliate Marketer

I tweet deals that may contain affiliate links. As an Amazon Associate, I earn from qualifying purchases.

Use the link below",0,476,299,29,Tue Feb 28 20:17:52 +0000 2012,361,1,0,110190,0,0,0,0,1,1,1,0,0,0,0,none,Positive,0.9,Joy,1.0
Sat May 13 22:11:54 +0000 2023,1657508998290059269,@shanas621 You're gonna need a Phillips Head jack for that.   btw...@SamsClub will repair it at no charge if you're a member.,shanas621,en,recent,872565505,872565505,Vincent Jim Fazzino,VJFazzino,Maine & NorCal,"Ecolab/39yrs; World traveler ; Tulane MBA ;  EM & Energy trader;  Nice guy from New Orleans. Knights of Columbus Grand Knight, Horse Racing, Saints, Maine",0,582,1311,2,Wed Oct 10 21:54:26 +0000 2012,6485,0,0,9742,0,0,0,0,1,1,1,0,0,0,0,none,Positive,0.7,Surprise,0.8
Sat May 13 21:46:57 +0000 2023,1657502718766792704,@VIZIO @SamsClub Thatâ€™s very great,VIZIO,en,recent,1305248120985530373,1305248120985530373,Friendly Mountain12,mtn12_,,@paramountwiki administrator account,0,40,66,0,Sun Sep 13 20:53:06 +0000 2020,520,0,0,8226,0,0,0,0,1,1,1,0,0,0,0,none,Positive,0.8,Joy,1.0
Sat May 13 21:46:51 +0000 2023,1657502692397264900,@VIZIO @SamsClub This is so amazing,VIZIO,en,recent,2171003965,2171003965,jmk,jkline120,"Ohio, USA",,0,1746,3804,4,Sat Nov 02 21:55:59 +0000 2013,179845,1,0,129894,0,0,0,1,1,1,0,0,0,0,0,none,Positive,0.8,Joy,1.0
Sat May 13 21:46:14 +0000 2023,1657502536104804352,"RT @peggy0242: Ha...we have 2 Sam's Clubs withing a 15 mile radius here, and now we'll have a Costco between them. Costco moving into Walmaâ€¦",,en,recent,1361731843612106754,1361731843612106754,Onmytitswhaaaat?,onmytitswhaaaat,"Arkansas, USA",Ratchet side outlet. Pragmatist. High a lot so spelling sucks. 2 asshole pugs. No DMs unless we R cool. @onmytitswhaaaat on Post. ğŸŸ§ğŸŸ¦ğŸ’šâ¤ï¸ğŸ’œğŸ–¤ğŸ¤ğŸ’™ğŸ§¡ğŸ’›,0,1405,3536,1,Tue Feb 16 17:39:19 +0000 2021,122862,0,0,50359,0,0,0,0,1,1,1,0,0,0,0,none,Neutral,0.0,Surprise,0.8
Sat May 13 21:41:05 +0000 2023,1657501241654534146,"Need a last minute #MothersDay gift? ğŸ’ The VIZIO M-Series Sound Bar with Dolby Atmos is JUST $249 NOW at @SamsClub.

GET THIS DEAL HERE: https://t.co/PStca3jYlN https://t.co/R9cfYGQUhV",,en,recent,18970145,18970145,VIZIO,VIZIO,"Irvine, CA","VIZIO elevates your entertainment with smart TVs and award-winning sound bars. Show us how you share with #VIZIOgram. 

For Support: @VIZIOSupport",0,41449,332,444,Wed Jan 14 07:38:55 +0000 2009,4181,0,0,28810,0,0,0,0,0,0,0,0,0,0,0,none,Positive,0.9,Joy,1.0
Sat May 13 21:26:16 +0000 2023,1657497513044201472,"Frigo Cheese, Sam's Club - Hanover, Pennsylvania - Cheese taste chemically almost like moldy. Very hard to describe taste. Expires 30jun2354. Stomach is upset and vomiting... Read more at: https://t.co/8XW1eLkbPu 
 #frigocheese #samsclub #cheese https://t.co/GCYvIXLrFF",,en,recent,921197448885886977,921197448885886977,Iwaspoisoned.com,iwaspoisoned_,ig @/iwaspoisoned,Report food poisoning at https://t.co/uHLNOVKOTH + sign up for our free consumer food safety alerts for your city. The #1 consumer food safety platform in the world.,0,8654,1,7,Fri Oct 20 02:12:41 +0000 2017,242,1,0,104544,0,0,0,0,0,1,0,0,0,0,0,none,Negative,-1.0,Disgust,0.0
Sat May 13 20:55:36 +0000 2023,1657489795872964612,@SamsClub bring back the nashville locations,SamsClub,en,recent,1557267699159506944,1557267699159506944,Jason,jason23lake,"Nashville, TN",Lebron the ğŸ Becky Lynch ğŸ ğŸ¤·ğŸ¾â€â™‚ï¸Acknowledge MeğŸ©¸,0,1515,4876,12,Wed Aug 10 07:28:53 +0000 2022,16726,0,0,14892,0,0,0,0,1,1,1,0,0,0,0,none,Neutral,0.0,Neutral,0.6
Sat May 13 20:16:24 +0000 2023,1657479928768778241,"Ha...we have 2 Sam's Clubs withing a 15 mile radius here, and now we'll have a Costco between them. Costco moving into Walmart/SamsClub home territory is kind of bold. https://t.co/walJpmMNzs",,en,recent,1302772059630710784,1302772059630710784,Peggy Spoutible.com/peggy0242,peggy0242,"MI by birth, AR by choice","Get off your butt and vote. 
#Hogs   #DetroitTigers    #RedWings",0,390,1285,0,Mon Sep 07 00:54:11 +0000 2020,68819,0,0,10260,0,0,0,0,1,0,1,0,0,0,0,none,Neutral,0.0,Surprise,0.8
Sat May 13 20:13:52 +0000 2023,1657479292010258437,@SamsClub wtf I used my card once for gas and was charged the $175 hold twice yesterday and still havenâ€™t received my money back for just 20 I actually put in the tank ğŸ¤¬ğŸ¤¬,SamsClub,en,recent,3248454524,3248454524,Roy Jones,RoyJones0220,"West Virginia, USA",Always Tired,0,32,1082,0,Thu Jun 18 06:11:22 +0000 2015,531,1,0,469,0,0,0,0,1,1,1,0,0,0,0,none,Negative,-1.0,Mistrust,0.2
Sat May 13 19:00:13 +0000 2023,1657460757469057025,"@SamsClub your Calumet City, IL location needs another entry/exit created",SamsClub,en,recent,1198945374,1198945374,DrRob,RobLWattsJr,,Jesus Follower|Speaker|Minister|Husband|Father|Author of #MM40ET #BTBOTB #MM4ME|President s @ofmbi| https://t.co/EC26aoSasF |Speaker| drrlwjr@gmail.com,0,804,3760,7,Tue Feb 19 23:25:22 +0000 2013,17420,1,0,7524,0,0,0,1,1,0,0,0,0,0,0,none,Neutral,0.0,Neutral,0.6
Sat May 13 18:49:51 +0000 2023,1657458148905549827,"Send some KELSO ğŸ¦… LOVE ğŸ’› ğŸ’™ to all our CommUNITY partnerships that supported @KelsoHISD this week!!  ğŸ¦…  Shout out to @ElSalvadorfoun2  (water), @ribsaus (BBQ),  @WraparoundService (food pantry), @SamsClub (gift card) @raisingcanes (Tea) â˜•â€¼ï¸ We greatly appreciate everything. https://t.co/BclRTuFPBA",,en,recent,922216008298979330,922216008298979330,Carmelita Calzada,Kelso_Wrap_life,,,0,89,121,0,Sun Oct 22 21:40:05 +0000 2017,598,0,0,321,0,0,0,0,1,1,1,0,0,0,0,none,Positive,1.0,Joy,1.0
Sat May 13 18:43:06 +0000 2023,1657456451013713920,@SamsClub bring back that Nashville hot shrimp!!!!,SamsClub,en,recent,472530058,472530058,Mama Bear ğŸ§¸,_____LaMonae,,bitches is ass if we keeping it crack,0,1268,828,1,Tue Jan 24 01:40:23 +0000 2012,81649,1,0,104181,0,0,0,1,1,1,0,0,0,0,0,none,Positive,0.9,Joy,1.0
